,,,, ROOM ,,,,,,,,,,,,,,,, CRAC ,,,,,,,,,,,,,
,,,, Battery ,, Panel ,, Data Center ,, Google 1 ,, Google 2 ,, Meta ,, CCG ,, TPN ,, 2.1.A - CCG ,, 2.1.B - CCG ,, 2.2.A - Data Center ,, 2.2.B - Data Center ,, 2.2.C - Data Center ,, 3.1.A - TPN ,, 3.1.B - TPN ,
Date, Year , Month , Week , Temp , Humi , Temp , Humi , Temp , Humi , Temp , Humi , Temp , Humi , Temp , Humi , Temp , Humi , Temp , Humi , Temp , Humi , Temp , Humi , Temp , Humi , Temp , Humi , Temp , Humi , Temp , Humi , Temp , Humi 
1-Jan-2024,2024,January,Week-1, 24.54 , 50.53 , 23.62 , 66.47 , 29.96 , 72.70 , 30.30 , 72.75 , 30.19 , 72.43 , 30.22 , 74.14 , 22.36 , 66.88 , 33.79 , 64.54 , 19.51 , 73.40 , 19.51 , 73.39 , 31.85 , 63.52 , 31.46 , 63.85 , 31.68 , 62.34 , 16.20 , 78.50 , 17.50 , 68.60 
2-Jan-2024,2024,January,Week-1, 22.63 , 51.69 , 22.44 , 60.91 , 30.50 , 68.43 , 30.52 , 70.72 , 30.48 , 69.88 , 30.55 , 71.57 , 21.94 , 67.95 , 33.64 , 66.29 , 19.51 , 74.26 , 19.51 , 74.26 , 32.20 , 68.60 , 31.90 , 68.50 , 32.10 , 67.50 , 16.20 , 78.50 , 17.50 , 68.60 
3-Jan-2024,2024,January,Week-1, 21.59 , 53.77 , 22.52 , 68.07 , 30.03 , 72.61 , 29.72 , 78.18 , 29.68 , 77.48 , 29.89 , 77.74 , 22.28 , 67.94 , 33.34 , 68.67 , 19.52 , 74.31 , 19.52 , 74.34 , 32.20 , 68.60 , 31.90 , 68.50 , 32.10 , 67.50 , 16.20 , 78.50 , 17.50 , 68.60 
4-Jan-2024,2024,January,Week-1, 21.88 , 54.56 , 22.49 , 64.75 , 29.16 , 69.18 , 28.75 , 74.04 , 28.62 , 73.70 , 28.73 , 74.39 , 21.78 , 68.35 , 32.68 , 69.36 , 19.51 , 74.58 , 19.51 , 74.58 , 30.45 , 66.83 , 30.37 , 65.38 , 30.25 , 66.20 , 16.20 , 78.50 , 17.50 , 68.60 
5-Jan-2024,2024,January,Week-1, 20.94 , 55.80 , 22.70 , 69.52 , 28.88 , 72.46 , 28.93 , 72.41 , 28.78 , 72.24 , 28.91 , 74.02 , 22.08 , 68.54 , 31.84 , 70.08 , 19.50 , 74.39 , 19.50 , 74.39 , 30.63 , 64.50 , 30.46 , 63.53 , 30.26 , 64.11 , 16.20 , 78.50 , 17.50 , 68.60 
6-Jan-2024,2024,January,Week-1, 22.98 , 53.40 , 23.77 , 70.22 , 29.48 , 71.56 , 29.98 , 69.30 , 29.92 , 68.63 , 29.88 , 72.60 , 21.71 , 67.80 , 31.75 , 69.49 , 19.49 , 74.35 , 19.50 , 74.36 , 31.41 , 62.68 , 31.23 , 62.21 , 31.15 , 61.80 , 16.20 , 78.50 , 17.50 , 68.60 
7-Jan-2024,2024,January,Week-1, 24.58 , 51.12 , 24.43 , 69.73 , 28.52 , 69.24 , 28.60 , 68.13 , 28.37 , 67.93 , 28.24 , 72.75 , 22.20 , 67.93 , 32.03 , 70.24 , 19.52 , 73.88 , 19.52 , 73.88 , 29.29 , 64.62 , 28.96 , 64.54 , 29.08 , 63.66 , 16.20 , 78.50 , 17.50 , 68.60 
8-Jan-2024,2024,January,Week-2, 22.02 , 50.71 , 24.49 , 70.15 , 27.30 , 68.53 , 27.19 , 68.84 , 26.90 , 69.31 , 26.59 , 73.47 , 21.77 , 67.60 , 32.44 , 68.77 , 19.49 , 73.97 , 19.49 , 74.01 , 27.55 , 65.68 , 27.47 , 64.78 , 27.55 , 63.94 , 16.20 , 78.50 , 17.50 , 68.60 
9-Jan-2024,2024,January,Week-2, 22.02 , 54.00 , 23.56 , 67.00 , 28.05 , 75.82 , 28.83 , 73.31 , 28.69 , 72.95 , 28.60 , 76.59 , 22.16 , 68.43 , 32.47 , 68.97 , 19.52 , 74.46 , 19.52 , 74.43 , 30.33 , 66.41 , 29.98 , 66.57 , 30.09 , 65.36 , 16.20 , 78.50 , 17.50 , 68.60 
10-Jan-2024,2024,January,Week-2, 23.10 , 58.40 , 22.45 , 63.92 , 28.38 , 69.85 , 28.88 , 67.39 , 28.76 , 67.32 , 28.47 , 72.73 , 21.77 , 67.68 , 32.46 , 68.33 , 19.50 , 74.09 , 19.50 , 74.14 , 29.75 , 64.02 , 29.54 , 63.21 , 29.58 , 62.14 , 16.20 , 78.50 , 17.50 , 68.60 
11-Jan-2024,2024,January,Week-2, 20.64 , 53.70 , 22.60 , 68.21 , 27.68 , 71.36 , 27.79 , 70.80 , 27.58 , 71.26 , 27.55 , 73.73 , 22.09 , 68.92 , 32.78 , 69.06 , 19.51 , 74.78 , 19.51 , 74.78 , 28.69 , 66.81 , 28.40 , 66.54 , 28.42 , 65.74 , 16.20 , 78.50 , 17.50 , 68.60 
12-Jan-2024,2024,January,Week-2, 21.82 , 51.23 , 23.79 , 67.47 , 27.30 , 76.99 , 27.41 , 77.60 , 27.24 , 77.87 , 27.43 , 78.15 , 21.72 , 68.58 , 32.35 , 69.90 , 19.49 , 75.32 , 19.49 , 75.33 , 28.86 , 68.13 , 28.35 , 69.62 , 28.43 , 69.04 , 16.20 , 78.50 , 17.50 , 68.60 
13-Jan-2024,2024,January,Week-2, 20.93 , 56.28 , 22.15 , 63.86 , 27.33 , 77.31 , 27.52 , 77.70 , 27.46 , 76.15 , 27.35 , 79.47 , 22.18 , 69.19 , 32.72 , 68.17 , 19.52 , 75.22 , 19.52 , 75.20 , 28.68 , 69.53 , 28.57 , 68.89 , 28.37 , 69.26 , 16.20 , 78.50 , 17.50 , 68.60 
14-Jan-2024,2024,January,Week-2, 20.61 , 58.74 , 22.57 , 70.28 , 27.22 , 78.12 , 27.45 , 77.87 , 27.38 , 77.17 , 27.36 , 79.64 , 21.85 , 67.97 , 32.86 , 68.83 , 19.48 , 74.60 , 19.48 , 74.64 , 28.75 , 69.10 , 28.36 , 69.46 , 28.37 , 69.29 , 16.20 , 78.50 , 17.50 , 68.60 
15-Jan-2024,2024,January,Week-3, 20.63 , 59.17 , 23.49 , 69.63 , 27.43 , 79.70 , 27.79 , 80.54 , 27.61 , 80.18 , 27.80 , 80.91 , 22.23 , 68.58 , 33.06 , 68.03 , 19.52 , 74.90 , 19.51 , 74.88 , 29.20 , 70.38 , 28.71 , 71.49 , 28.78 , 71.17 , 16.20 , 78.50 , 17.50 , 68.60 
16-Jan-2024,2024,January,Week-3, 20.57 , 58.80 , 23.58 , 68.58 , 27.93 , 77.88 , 28.23 , 78.64 , 28.16 , 77.91 , 28.20 , 79.18 , 21.99 , 68.27 , 33.10 , 67.52 , 19.71 , 74.46 , 19.70 , 74.51 , 29.69 , 68.39 , 29.44 , 68.38 , 29.24 , 69.20 , 16.20 , 78.50 , 17.50 , 68.60 
17-Jan-2024,2024,January,Week-3, 22.43 , 51.49 , 22.06 , 63.48 , 27.87 , 78.35 , 28.00 , 78.74 , 27.76 , 79.04 , 27.93 , 79.53 , 22.25 , 68.20 , 32.99 , 68.13 , 19.52 , 74.41 , 19.51 , 74.42 , 29.39 , 69.08 , 28.89 , 70.08 , 28.86 , 70.37 , 16.20 , 78.50 , 17.50 , 68.60 
18-Jan-2024,2024,January,Week-3, 21.60 , 55.11 , 22.59 , 69.88 , 27.45 , 78.04 , 27.46 , 79.87 , 27.21 , 80.29 , 27.50 , 79.12 , 21.94 , 67.78 , 32.82 , 67.71 , 19.49 , 74.35 , 19.49 , 74.38 , 29.01 , 68.68 , 28.45 , 70.38 , 28.51 , 70.43 , 16.20 , 78.50 , 17.50 , 68.60 
19-Jan-2024,2024,January,Week-3, 20.74 , 62.60 , 22.59 , 68.76 , 27.35 , 75.09 , 27.25 , 78.06 , 27.10 , 77.44 , 27.20 , 77.28 , 22.21 , 68.85 , 32.15 , 68.07 , 19.52 , 75.08 , 19.52 , 75.09 , 28.63 , 67.91 , 28.47 , 67.53 , 28.28 , 68.54 , 16.20 , 78.50 , 17.50 , 68.60 
20-Jan-2024,2024,January,Week-3, 22.74 , 57.70 , 22.04 , 68.73 , 26.71 , 79.33 , 26.72 , 80.57 , 26.45 , 81.04 , 26.61 , 81.46 , 21.88 , 68.16 , 31.40 , 69.70 , 19.49 , 74.64 , 19.49 , 74.61 , 28.07 , 70.98 , 27.61 , 71.80 , 27.56 , 72.54 , 16.20 , 78.50 , 17.50 , 68.60 
21-Jan-2024,2024,January,Week-3, 22.41 , 58.16 , 22.64 , 70.89 , 27.15 , 79.22 , 27.41 , 80.15 , 27.19 , 80.15 , 27.43 , 80.20 , 22.25 , 68.73 , 31.80 , 69.51 , 19.52 , 75.22 , 19.52 , 75.19 , 28.89 , 69.68 , 28.35 , 71.18 , 28.45 , 70.84 , 16.20 , 78.50 , 17.50 , 68.60 
22-Jan-2024,2024,January,Week-4, 22.52 , 53.41 , 23.46 , 70.25 , 27.23 , 78.94 , 27.25 , 80.92 , 27.01 , 81.00 , 27.34 , 80.47 , 21.94 , 68.09 , 32.06 , 68.37 , 19.49 , 74.67 , 19.49 , 74.68 , 28.80 , 69.56 , 28.39 , 70.47 , 28.22 , 71.68 , 16.20 , 78.50 , 17.50 , 68.60 
23-Jan-2024,2024,January,Week-4, 22.06 , 56.60 , 22.22 , 64.83 , 27.39 , 77.41 , 27.63 , 77.62 , 27.50 , 77.07 , 27.48 , 79.20 , 22.20 , 68.89 , 32.34 , 68.05 , 19.52 , 75.18 , 19.51 , 75.20 , 28.77 , 69.46 , 28.64 , 68.84 , 28.43 , 69.56 , 16.20 , 78.50 , 17.50 , 68.60 
24-Jan-2024,2024,January,Week-4, 21.00 , 57.27 , 21.34 , 65.81 , 28.50 , 78.91 , 29.05 , 79.44 , 29.02 , 78.55 , 29.14 , 79.57 , 21.99 , 67.78 , 32.68 , 67.33 , 19.50 , 74.57 , 19.50 , 74.57 , 30.76 , 68.16 , 30.55 , 67.61 , 30.43 , 67.69 , 16.20 , 78.50 , 17.50 , 68.60 
25-Jan-2024,2024,January,Week-4, 20.77 , 55.52 , 21.29 , 65.39 , 28.29 , 76.81 , 28.24 , 78.93 , 28.11 , 78.51 , 28.26 , 79.12 , 22.20 , 68.16 , 32.88 , 67.41 , 19.53 , 74.52 , 19.54 , 74.48 , 29.80 , 68.08 , 29.37 , 68.72 , 29.29 , 68.87 , 16.20 , 78.50 , 17.50 , 68.60 
26-Jan-2024,2024,January,Week-4, 20.48 , 54.84 , 22.48 , 71.04 , 28.18 , 76.35 , 28.32 , 78.19 , 28.12 , 77.34 , 28.23 , 79.35 , 21.96 , 67.77 , 32.93 , 66.16 , 19.50 , 74.26 , 19.49 , 74.27 , 29.73 , 67.62 , 29.28 , 68.39 , 29.36 , 67.84 , 16.20 , 78.50 , 17.50 , 68.60 
27-Jan-2024,2024,January,Week-4, 20.84 , 57.37 , 23.49 , 69.99 , 27.56 , 70.56 , 27.44 , 73.28 , 27.19 , 72.92 , 27.09 , 74.26 , 22.15 , 68.45 , 32.40 , 68.54 , 19.51 , 74.42 , 19.52 , 74.43 , 28.32 , 65.20 , 28.26 , 64.07 , 28.03 , 65.09 , 16.20 , 78.50 , 17.50 , 68.60 
28-Jan-2024,2024,January,Week-4, 22.80 , 56.53 , 22.42 , 66.89 , 26.72 , 76.64 , 26.67 , 78.40 , 26.38 , 78.50 , 26.43 , 79.23 , 21.69 , 69.01 , 31.47 , 71.35 , 19.50 , 75.06 , 19.49 , 75.02 , 28.06 , 69.21 , 27.60 , 69.60 , 27.68 , 69.02 , 16.20 , 78.50 , 17.50 , 68.60 
29-Jan-2024,2024,January,Week-5, 23.45 , 51.89 , 22.02 , 66.76 , 26.79 , 75.30 , 26.96 , 77.04 , 26.71 , 77.21 , 26.85 , 77.07 , 21.95 , 69.15 , 31.41 , 72.35 , 19.52 , 74.60 , 19.52 , 74.64 , 28.44 , 65.56 , 27.88 , 67.29 , 27.92 , 67.87 , 16.20 , 78.50 , 17.50 , 68.60 
30-Jan-2024,2024,January,Week-5, 23.18 , 49.11 , 22.09 , 65.28 , 26.69 , 76.46 , 26.93 , 76.47 , 26.73 , 76.42 , 26.65 , 78.80 , 21.66 , 69.18 , 31.21 , 72.31 , 19.48 , 75.19 , 19.48 , 75.21 , 28.14 , 68.57 , 27.88 , 68.20 , 27.66 , 69.10 , 16.20 , 78.50 , 17.50 , 68.60 
31-Jan-2024,2024,January,Week-5, 23.36 , 51.77 , 22.04 , 67.59 , 26.25 , 78.86 , 26.46 , 78.15 , 26.26 , 78.04 , 26.20 , 81.20 , 21.91 , 69.91 , 30.79 , 73.27 , 19.51 , 75.59 , 19.51 , 75.56 , 27.60 , 70.82 , 27.04 , 71.69 , 27.13 , 71.24 , 16.20 , 78.50 , 17.50 , 68.60 
1-Feb-2024,2024,February,Week-1, 21.35 , 51.62 , 21.70 , 69.26 , 26.26 , 79.09 , 26.63 , 77.73 , 26.37 , 77.26 , 26.50 , 79.69 , 21.75 , 69.09 , 31.52 , 72.89 , 19.49 , 75.07 , 19.49 , 75.07 , 27.69 , 69.95 , 27.15 , 71.18 , 27.35 , 70.27 , 16.20 , 78.50 , 17.50 , 68.60 
2-Feb-2024,2024,February,Week-1, 19.44 , 54.81 , 21.60 , 69.10 , 26.78 , 78.92 , 27.31 , 77.38 , 27.15 , 76.93 , 26.98 , 80.01 , 22.13 , 68.32 , 32.13 , 70.55 , 19.51 , 74.60 , 19.50 , 74.35 , 28.20 , 70.56 , 28.08 , 69.93 , 27.93 , 70.06 , 16.20 , 78.50 , 17.50 , 68.60 
3-Feb-2024,2024,February,Week-1, 20.22 , 57.73 , 22.35 , 71.22 , 26.87 , 78.33 , 27.37 , 76.45 , 27.16 , 76.40 , 27.07 , 80.04 , 21.94 , 68.00 , 32.16 , 68.25 , 19.49 , 74.42 , 19.49 , 74.42 , 28.51 , 69.66 , 28.10 , 69.98 , 28.17 , 69.96 , 16.20 , 78.50 , 17.50 , 68.60 
4-Feb-2024,2024,February,Week-1, 22.25 , 54.94 , 22.71 , 69.85 , 27.07 , 78.11 , 27.44 , 77.79 , 27.20 , 78.04 , 27.29 , 79.67 , 22.08 , 68.83 , 31.92 , 70.33 , 19.52 , 74.91 , 19.51 , 74.90 , 28.74 , 68.86 , 28.25 , 70.22 , 28.33 , 70.09 , 16.20 , 78.50 , 17.50 , 68.60 
5-Feb-2024,2024,February,Week-1, 22.81 , 53.07 , 21.68 , 63.10 , 27.07 , 76.10 , 27.47 , 75.13 , 27.27 , 74.97 , 27.13 , 77.89 , 21.83 , 68.45 , 31.90 , 71.64 , 19.49 , 74.56 , 19.50 , 74.54 , 28.47 , 68.04 , 28.31 , 67.45 , 28.14 , 68.59 , 16.20 , 78.50 , 17.50 , 68.60 
6-Feb-2024,2024,February,Week-1, 23.05 , 56.13 , 20.83 , 67.07 , 27.01 , 77.53 , 27.37 , 76.42 , 27.12 , 76.90 , 27.08 , 79.57 , 22.03 , 68.99 , 31.87 , 70.91 , 19.51 , 75.09 , 19.52 , 75.07 , 28.56 , 69.04 , 28.10 , 69.76 , 28.17 , 69.70 , 16.20 , 78.50 , 17.50 , 68.60 
7-Feb-2024,2024,February,Week-1, 22.33 , 54.42 , 21.92 , 73.06 , 26.91 , 76.86 , 27.14 , 76.69 , 26.84 , 77.03 , 27.03 , 78.08 , 21.82 , 68.40 , 31.61 , 70.19 , 19.48 , 74.35 , 19.49 , 74.33 , 28.51 , 67.40 , 27.97 , 69.04 , 28.06 , 69.02 , 16.20 , 78.50 , 17.50 , 68.60 
8-Feb-2024,2024,February,Week-2, 21.71 , 59.68 , 23.07 , 71.53 , 27.01 , 74.10 , 27.41 , 72.45 , 27.27 , 72.08 , 27.05 , 76.08 , 22.08 , 68.36 , 31.80 , 70.42 , 19.52 , 74.46 , 19.52 , 74.44 , 28.21 , 67.55 , 28.10 , 66.36 , 27.97 , 66.22 , 16.20 , 78.50 , 17.50 , 68.60 
9-Feb-2024,2024,February,Week-2, 22.47 , 57.15 , 23.51 , 69.56 , 28.20 , 75.03 , 29.27 , 70.32 , 29.19 , 70.27 , 29.00 , 75.26 , 21.98 , 67.88 , 32.61 , 68.44 , 19.49 , 74.54 , 19.49 , 74.54 , 30.44 , 65.75 , 30.29 , 64.52 , 30.33 , 63.59 , 16.20 , 78.50 , 17.50 , 68.60 
10-Feb-2024,2024,February,Week-2, 22.50 , 57.15 , 23.66 , 69.22 , 28.14 , 77.14 , 28.47 , 76.10 , 28.22 , 76.56 , 28.18 , 78.98 , 22.13 , 68.16 , 32.51 , 69.02 , 19.51 , 74.45 , 19.51 , 74.43 , 29.58 , 69.05 , 29.09 , 69.88 , 29.06 , 70.03 , 16.20 , 78.50 , 17.50 , 68.60 
11-Feb-2024,2024,February,Week-2, 21.47 , 52.38 , 22.30 , 64.63 , 28.03 , 79.45 , 28.30 , 79.57 , 28.05 , 79.90 , 28.19 , 80.65 , 21.91 , 68.31 , 32.48 , 69.02 , 19.49 , 74.61 , 19.49 , 74.61 , 29.68 , 69.93 , 29.13 , 71.43 , 29.16 , 71.27 , 16.20 , 78.50 , 17.50 , 68.60 
12-Feb-2024,2024,February,Week-2, 22.43 , 49.86 , 22.92 , 72.78 , 28.10 , 77.40 , 28.33 , 77.80 , 28.23 , 77.10 , 28.07 , 79.59 , 22.09 , 68.38 , 32.30 , 69.37 , 19.51 , 74.53 , 19.51 , 74.51 , 29.56 , 68.81 , 29.37 , 68.75 , 29.11 , 69.70 , 16.20 , 78.50 , 17.50 , 68.60 
13-Feb-2024,2024,February,Week-2, 21.95 , 52.38 , 22.16 , 63.75 , 27.93 , 77.58 , 28.27 , 76.60 , 28.09 , 76.32 , 27.99 , 79.75 , 21.94 , 68.16 , 32.16 , 70.47 , 19.50 , 74.56 , 19.49 , 74.55 , 29.43 , 69.20 , 28.97 , 69.82 , 29.00 , 69.29 , 16.20 , 78.50 , 17.50 , 68.60 
14-Feb-2024,2024,February,Week-2, 21.72 , 61.09 , 23.08 , 69.09 , 27.50 , 72.99 , 27.47 , 74.67 , 27.16 , 74.57 , 27.30 , 75.59 , 22.06 , 68.02 , 31.85 , 70.27 , 19.50 , 73.98 , 19.51 , 73.98 , 28.67 , 65.42 , 28.15 , 66.85 , 28.30 , 66.31 , 16.20 , 78.50 , 17.50 , 68.60 
15-Feb-2024,2024,February,Week-3, 21.89 , 57.89 , 20.69 , 58.76 , 27.38 , 77.59 , 27.72 , 76.50 , 27.58 , 75.93 , 27.36 , 80.19 , 21.89 , 68.36 , 32.19 , 70.75 , 19.50 , 74.54 , 19.50 , 74.53 , 28.81 , 69.23 , 28.66 , 68.91 , 28.48 , 69.13 , 16.20 , 78.50 , 17.50 , 68.60 
16-Feb-2024,2024,February,Week-3, 21.88 , 57.65 , 21.25 , 69.62 , 27.10 , 73.50 , 27.35 , 72.33 , 27.17 , 72.17 , 26.78 , 76.91 , 22.06 , 68.18 , 32.46 , 70.63 , 19.51 , 74.18 , 19.51 , 74.16 , 27.74 , 68.63 , 27.76 , 67.16 , 27.75 , 66.58 , 16.20 , 78.50 , 17.50 , 68.60 
17-Feb-2024,2024,February,Week-3, 20.60 , 52.96 , 21.50 , 69.10 , 28.04 , 81.88 , 28.81 , 79.68 , 28.72 , 79.38 , 28.66 , 82.00 , 21.90 , 68.48 , 32.61 , 69.94 , 19.50 , 74.90 , 19.50 , 74.87 , 30.41 , 70.50 , 30.15 , 70.33 , 29.99 , 70.83 , 16.20 , 78.50 , 17.50 , 68.60 
18-Feb-2024,2024,February,Week-3, 20.60 , 53.93 , 21.58 , 68.63 , 27.87 , 74.88 , 28.14 , 73.56 , 27.82 , 73.99 , 27.86 , 77.00 , 22.01 , 68.52 , 32.41 , 69.26 , 19.52 , 74.33 , 19.52 , 74.35 , 29.23 , 66.89 , 28.72 , 67.87 , 28.76 , 67.48 , 16.20 , 78.50 , 17.50 , 68.60 
19-Feb-2024,2024,February,Week-3, 20.59 , 53.68 , 21.60 , 68.21 , 27.60 , 72.65 , 27.98 , 70.96 , 27.61 , 71.94 , 27.80 , 73.86 , 22.00 , 67.78 , 32.72 , 69.03 , 19.50 , 74.16 , 19.50 , 74.16 , 29.00 , 65.12 , 28.50 , 65.99 , 28.68 , 65.08 , 16.20 , 78.50 , 17.50 , 68.60 
20-Feb-2024,2024,February,Week-3, 22.65 , 54.34 , 22.60 , 70.83 , 27.58 , 72.13 , 27.95 , 69.95 , 27.78 , 69.51 , 27.51 , 74.88 , 22.14 , 67.66 , 33.05 , 71.13 , 19.52 , 73.82 , 19.52 , 73.81 , 28.64 , 66.01 , 28.57 , 64.62 , 28.52 , 64.11 , 16.20 , 78.50 , 17.50 , 68.60 
21-Feb-2024,2024,February,Week-3, 22.12 , 52.92 , 22.21 , 65.07 , 27.86 , 74.13 , 28.52 , 70.60 , 28.20 , 71.38 , 28.13 , 75.52 , 22.05 , 67.10 , 33.12 , 69.69 , 19.49 , 73.61 , 19.49 , 73.62 , 29.49 , 65.96 , 29.05 , 66.57 , 29.17 , 65.30 , 16.20 , 78.50 , 17.50 , 68.60 
22-Feb-2024,2024,February,Week-4, 20.58 , 55.37 , 22.56 , 71.42 , 28.12 , 78.47 , 28.46 , 77.31 , 28.14 , 78.20 , 28.34 , 79.09 , 22.13 , 67.77 , 33.15 , 68.63 , 19.51 , 74.30 , 19.50 , 74.28 , 29.77 , 68.87 , 29.31 , 70.06 , 29.37 , 70.10 , 16.20 , 78.50 , 17.50 , 68.60 
23-Feb-2024,2024,February,Week-4, 22.78 , 54.26 , 21.83 , 64.52 , 28.02 , 76.02 , 28.23 , 76.88 , 28.07 , 76.02 , 27.88 , 78.50 , 22.06 , 67.57 , 33.13 , 67.49 , 19.50 , 74.12 , 19.50 , 74.12 , 29.25 , 68.66 , 29.18 , 67.97 , 28.96 , 68.70 , 16.20 , 78.50 , 17.50 , 68.60 
24-Feb-2024,2024,February,Week-4, 24.19 , 52.56 , 20.98 , 66.39 , 28.02 , 78.26 , 28.42 , 77.27 , 28.12 , 77.50 , 28.13 , 80.49 , 22.07 , 68.45 , 32.95 , 69.29 , 19.52 , 74.67 , 19.52 , 74.69 , 29.63 , 69.54 , 29.18 , 69.95 , 29.20 , 69.72 , 16.20 , 78.50 , 17.50 , 68.60 
25-Feb-2024,2024,February,Week-4, 24.33 , 52.30 , 21.12 , 67.47 , 28.99 , 78.83 , 29.60 , 78.15 , 29.58 , 77.42 , 29.57 , 79.08 , 22.01 , 68.31 , 33.12 , 69.02 , 19.53 , 74.74 , 19.53 , 74.75 , 31.33 , 67.16 , 43.96 , 68.01 , 30.98 , 66.98 , 16.20 , 78.50 , 17.50 , 68.60 
26-Feb-2024,2024,February,Week-4, 24.38 , 50.69 , 21.35 , 68.30 , 28.55 , 73.71 , 28.51 , 74.69 , 28.23 , 74.93 , 28.51 , 75.07 , 22.09 , 67.92 , 32.77 , 67.89 , 19.51 , 73.93 , 19.51 , 73.97 , 29.88 , 65.09 , 29.37 , 66.36 , 29.36 , 66.50 , 16.20 , 78.50 , 17.50 , 68.60 
27-Feb-2024,2024,February,Week-4, 22.29 , 52.33 , 22.28 , 70.56 , 28.08 , 74.19 , 28.17 , 73.93 , 28.03 , 73.23 , 27.94 , 76.94 , 22.00 , 67.69 , 32.72 , 69.09 , 19.50 , 73.90 , 19.50 , 73.90 , 29.42 , 66.08 , 29.25 , 65.56 , 29.00 , 66.37 , 16.20 , 78.50 , 17.50 , 68.60 
28-Feb-2024,2024,February,Week-4, 20.67 , 55.10 , 22.04 , 68.79 , 27.95 , 75.50 , 28.08 , 76.37 , 27.77 , 76.42 , 27.83 , 77.64 , 21.99 , 68.63 , 32.13 , 69.19 , 19.51 , 74.52 , 19.51 , 74.52 , 29.46 , 67.03 , 28.96 , 68.23 , 28.98 , 68.08 , 16.20 , 78.50 , 17.50 , 68.60 
29-Feb-2024,2024,February,Week-5, 20.73 , 56.89 , 21.92 , 66.05 , 27.37 , 76.70 , 27.30 , 78.68 , 26.99 , 79.09 , 27.28 , 78.74 , 21.74 , 69.47 , 31.14 , 73.23 , 19.49 , 75.27 , 19.50 , 75.25 , 28.82 , 67.62 , 28.25 , 69.28 , 28.27 , 69.60 , 16.20 , 78.50 , 17.50 , 68.60 
1-Mar-2024,2024,March,Week-1, 22.43 , 55.01 , 20.38 , 60.11 , 26.93 , 75.28 , 27.23 , 73.54 , 27.00 , 74.10 , 26.83 , 77.52 , 21.93 , 68.55 , 30.62 , 74.80 , 19.51 , 74.39 , 19.51 , 74.40 , 27.99 , 68.51 , 27.83 , 68.26 , 27.67 , 68.52 , 16.20 , 78.50 , 17.50 , 68.60 
2-Mar-2024,2024,March,Week-1, 24.11 , 53.03 , 21.20 , 72.72 , 26.92 , 77.68 , 27.36 , 74.90 , 26.99 , 75.92 , 26.99 , 79.12 , 21.94 , 68.74 , 31.77 , 73.51 , 19.49 , 75.04 , 19.49 , 75.04 , 28.28 , 69.75 , 27.83 , 70.25 , 27.92 , 69.59 , 16.20 , 78.50 , 17.50 , 68.60 
3-Mar-2024,2024,March,Week-1, 24.25 , 52.77 , 21.42 , 71.13 , 26.09 , 77.68 , 26.06 , 78.55 , 25.65 , 79.57 , 25.96 , 79.89 , 21.91 , 68.88 , 31.76 , 72.38 , 19.49 , 74.79 , 19.49 , 74.79 , 27.16 , 69.78 , 26.57 , 71.31 , 26.85 , 70.37 , 16.20 , 78.50 , 17.50 , 68.60 
4-Mar-2024,2024,March,Week-1, 24.36 , 53.75 , 21.30 , 70.38 , 27.40 , 82.81 , 28.34 , 78.80 , 28.25 , 78.72 , 28.31 , 80.31 , 21.97 , 68.94 , 31.77 , 72.91 , 19.50 , 75.37 , 19.50 , 75.37 , 30.01 , 69.92 , 29.65 , 70.21 , 29.37 , 71.50 , 16.20 , 78.50 , 17.50 , 68.60 
5-Mar-2024,2024,March,Week-1, 22.85 , 56.34 , 22.38 , 71.18 , 27.56 , 78.16 , 28.05 , 74.95 , 27.93 , 74.89 , 27.78 , 78.12 , 22.05 , 68.56 , 32.30 , 71.04 , 19.50 , 75.09 , 19.50 , 75.09 , 28.81 , 70.34 , 28.67 , 69.86 , 28.47 , 70.03 , 16.20 , 78.50 , 17.50 , 68.60 
6-Mar-2024,2024,March,Week-1, 20.65 , 56.37 , 21.98 , 66.53 , 27.14 , 80.81 , 27.48 , 79.40 , 27.26 , 79.71 , 27.29 , 81.95 , 22.18 , 68.19 , 32.65 , 70.76 , 19.50 , 75.06 , 19.50 , 75.09 , 28.58 , 72.81 , 28.17 , 72.77 , 28.14 , 72.51 , 16.20 , 78.50 , 17.50 , 68.60 
7-Mar-2024,2024,March,Week-1, 21.66 , 57.40 , 22.29 , 71.88 , 27.14 , 82.15 , 27.45 , 81.63 , 27.24 , 82.13 , 27.45 , 82.35 , 22.03 , 69.39 , 32.31 , 72.09 , 19.50 , 75.97 , 19.50 , 75.96 , 28.78 , 72.36 , 28.24 , 73.93 , 28.33 , 73.14 , 16.20 , 78.50 , 17.50 , 68.60 
8-Mar-2024,2024,March,Week-2, 20.36 , 57.70 , 21.94 , 66.90 , 27.47 , 79.17 , 27.91 , 77.71 , 27.83 , 77.67 , 27.83 , 79.12 , 22.10 , 68.80 , 32.22 , 69.94 , 19.51 , 75.50 , 19.51 , 75.53 , 29.09 , 70.04 , 28.87 , 70.18 , 28.68 , 70.49 , 12.81 , 62.05 , 13.83 , 54.22 
9-Mar-2024,2024,March,Week-2, 19.78 , 54.73 , 21.45 , 66.80 , 27.65 , 78.35 , 27.83 , 78.32 , 27.61 , 78.88 , 27.78 , 79.03 , 22.08 , 68.49 , 31.16 , 71.13 , 19.51 , 74.78 , 19.50 , 74.79 , 29.43 , 67.90 , 28.83 , 69.83 , 28.79 , 69.50 , -   , -   , -   , -   
10-Mar-2024,2024,March,Week-2, 21.60 , 50.76 , 21.61 , 69.05 , 27.08 , 76.25 , 26.77 , 79.15 , 26.59 , 79.53 , 27.01 , 77.31 , 21.80 , 69.38 , 30.57 , 73.13 , 19.49 , 75.11 , 19.49 , 75.10 , 28.85 , 65.08 , 28.22 , 67.62 , 28.02 , 68.81 , -   , -   , -   , -   
11-Mar-2024,2024,March,Week-2, 21.36 , 51.64 , 21.27 , 70.95 , 27.06 , 80.39 , 27.08 , 82.50 , 26.88 , 82.47 , 27.13 , 81.79 , 21.74 , 70.23 , 30.58 , 76.05 , 19.50 , 76.02 , 19.50 , 76.01 , 28.71 , 71.54 , 28.44 , 71.33 , 28.13 , 72.38 , -   , -   , -   , -   
12-Mar-2024,2024,March,Week-2, 19.71 , 53.05 , 21.08 , 69.68 , 27.09 , 83.12 , 27.45 , 82.34 , 27.20 , 82.88 , 27.52 , 81.65 , 21.82 , 69.33 , 30.92 , 73.46 , 19.50 , 75.52 , 19.50 , 75.49 , 28.89 , 72.56 , 28.41 , 73.82 , 28.25 , 74.32 , -   , -   , -   , -   
13-Mar-2024,2024,March,Week-2, 19.71 , 53.44 , 20.96 , 69.23 , 27.45 , 82.90 , 27.71 , 82.57 , 27.51 , 82.94 , 27.84 , 81.69 , 21.86 , 69.46 , 31.21 , 74.42 , 19.51 , 75.51 , 19.51 , 75.53 , 29.30 , 72.41 , 28.79 , 73.81 , 28.60 , 74.12 , -   , -   , -   , -   
14-Mar-2024,2024,March,Week-2, 21.76 , 53.05 , 22.25 , 72.51 , 28.40 , 82.30 , 28.62 , 83.18 , 28.59 , 82.70 , 28.86 , 81.62 , 21.94 , 69.10 , 31.45 , 74.31 , 19.53 , 75.24 , 19.52 , 75.27 , 30.74 , 70.15 , 30.26 , 71.21 , 29.93 , 71.87 , -   , -   , -   , -   
15-Mar-2024,2024,March,Week-3, 21.86 , 57.43 , 22.25 , 68.78 , 27.46 , 75.36 , 27.33 , 77.29 , 27.20 , 76.88 , 27.23 , 77.92 , 21.88 , 69.79 , 31.29 , 72.90 , 19.51 , 75.37 , 19.51 , 75.37 , 28.49 , 68.90 , 28.41 , 67.91 , 28.26 , 68.28 , -   , -   , -   , -   
16-Mar-2024,2024,March,Week-3, 19.95 , 57.84 , 22.44 , 72.98 , 27.08 , 79.04 , 27.07 , 80.58 , 26.92 , 80.34 , 27.10 , 80.31 , 21.94 , 69.58 , 30.67 , 73.32 , 19.52 , 75.64 , 19.51 , 75.59 , 28.66 , 69.90 , 28.10 , 71.49 , 28.10 , 70.59 , -   , -   , -   , -   
17-Mar-2024,2024,March,Week-3, 21.95 , 55.72 , 22.09 , 69.54 , 25.84 , 77.15 , 25.62 , 78.59 , 25.29 , 79.42 , 25.69 , 78.09 , 21.89 , 69.60 , 30.32 , 75.03 , 19.50 , 75.29 , 19.49 , 75.29 , 26.77 , 69.10 , 26.15 , 71.22 , 26.26 , 71.15 , -   , -   , -   , -   
18-Mar-2024,2024,March,Week-3, 20.96 , 52.98 , 21.76 , 67.43 , 26.36 , 81.60 , 26.78 , 81.42 , 26.68 , 81.20 , 26.72 , 81.29 , 22.08 , 69.32 , 30.86 , 73.56 , 19.52 , 75.42 , 19.52 , 75.40 , 28.04 , 72.20 , 27.91 , 71.36 , 27.67 , 72.18 , -   , -   , -   , -   
19-Mar-2024,2024,March,Week-3, 19.41 , 53.71 , 21.95 , 64.27 , 26.90 , 80.11 , 27.54 , 78.36 , 27.43 , 78.25 , 27.51 , 79.37 , 22.09 , 69.02 , 31.53 , 71.63 , 19.50 , 75.22 , 19.49 , 75.21 , 28.72 , 70.24 , 28.31 , 71.17 , 28.32 , 70.23 , -   , -   , -   , -   
20-Mar-2024,2024,March,Week-3, 19.46 , 53.92 , 21.99 , 63.76 , 27.65 , 77.69 , 28.43 , 75.16 , 28.22 , 75.54 , 28.35 , 76.50 , 22.20 , 68.25 , 32.24 , 67.46 , 19.51 , 74.43 , 19.51 , 74.43 , 29.56 , 67.28 , 29.11 , 68.44 , 29.03 , 68.61 , -   , -   , -   , -   
21-Mar-2024,2024,March,Week-3, 19.76 , 53.63 , 22.12 , 63.89 , 28.08 , 75.36 , 28.63 , 72.45 , 28.49 , 71.89 , 28.36 , 75.84 , 22.11 , 69.05 , 32.51 , 70.10 , 19.51 , 74.97 , 19.51 , 74.98 , 29.51 , 67.52 , 29.40 , 66.41 , 29.24 , 66.62 , -   , -   , -   , -   
22-Mar-2024,2024,March,Week-4, 21.71 , 55.88 , 20.73 , 61.23 , 27.08 , 72.53 , 26.90 , 74.57 , 26.49 , 74.91 , 26.68 , 75.82 , 22.10 , 68.46 , 32.13 , 70.32 , 19.51 , 74.29 , 19.51 , 74.30 , 28.10 , 64.99 , 27.49 , 66.78 , 27.68 , 65.36 , -   , -   , -   , -   
23-Mar-2024,2024,March,Week-4, 23.60 , 59.50 , 20.73 , 66.94 , 27.71 , 76.95 , 28.24 , 75.70 , 28.20 , 75.96 , 28.36 , 75.12 , 21.79 , 70.06 , 31.32 , 73.00 , 19.50 , 75.41 , 19.50 , 75.43 , 29.80 , 65.26 , 29.36 , 66.63 , 29.43 , 65.92 , -   , -   , -   , -   
24-Mar-2024,2024,March,Week-4, 21.03 , 53.75 , 21.99 , 62.14 , 27.98 , 71.45 , 28.69 , 67.91 , 28.68 , 68.20 , 28.51 , 70.78 , 22.09 , 68.55 , 31.75 , 73.18 , 19.51 , 74.42 , 19.51 , 74.41 , 29.42 , 64.22 , 29.29 , 62.77 , 29.37 , 61.74 , -   , -   , -   , -   
25-Mar-2024,2024,March,Week-4, 20.80 , 53.53 , 21.02 , 59.09 , 28.82 , 70.76 , 29.63 , 67.15 , 29.55 , 66.86 , 29.44 , 70.12 , 22.01 , 68.65 , 32.01 , 72.24 , 19.51 , 74.39 , 19.51 , 74.38 , 30.51 , 62.82 , 30.25 , 62.45 , 30.35 , 60.86 , -   , -   , -   , -   
26-Mar-2024,2024,March,Week-4, 21.26 , 56.16 , 19.26 , 61.25 , 28.89 , 70.66 , 29.66 , 66.55 , 29.49 , 67.53 , 29.43 , 70.48 , 22.16 , 67.68 , 32.39 , 70.54 , 19.51 , 73.89 , 19.51 , 73.91 , 30.62 , 62.55 , 30.26 , 62.52 , 30.23 , 62.14 , -   , -   , -   , -   
27-Mar-2024,2024,March,Week-4, 24.02 , 53.72 , 20.25 , 68.28 , 27.66 , 66.62 , 27.36 , 68.20 , 27.02 , 68.45 , 26.94 , 70.49 , 21.97 , 67.97 , 32.50 , 69.24 , 19.51 , 73.85 , 19.51 , 73.83 , 27.86 , 62.87 , 27.62 , 62.51 , 27.72 , 61.64 , 5.08 , 9.66 , 4.97 , 10.02 
28-Mar-2024,2024,March,Week-4, 22.52 , 51.95 , 21.30 , 70.97 , 26.38 , 72.63 , 26.50 , 72.38 , 26.21 , 73.17 , 26.29 , 74.16 , 22.08 , 67.96 , 31.90 , 70.33 , 19.53 , 74.09 , 19.53 , 73.95 , 27.29 , 66.39 , 26.84 , 67.46 , 26.92 , 66.08 , 32.98 , 63.76 , 32.72 , 64.53 
29-Mar-2024,2024,March,Week-5, 20.52 , 54.21 , 21.23 , 69.07 , 26.80 , 72.70 , 27.53 , 68.95 , 27.30 , 69.46 , 27.24 , 71.39 , 22.01 , 68.56 , 32.18 , 70.86 , 19.49 , 74.67 , 19.49 , 74.67 , 27.95 , 66.22 , 27.52 , 66.47 , 28.14 , 63.29 , 33.61 , 63.22 , 33.21 , 65.22 
30-Mar-2024,2024,March,Week-5, 22.64 , 53.68 , 22.31 , 69.99 , 28.47 , 74.80 , 29.66 , 68.78 , 29.63 , 69.47 , 29.57 , 73.07 , 22.15 , 68.43 , 32.62 , 71.00 , 19.52 , 74.69 , 19.52 , 74.70 , 30.91 , 64.71 , 30.56 , 64.31 , 30.44 , 63.67 , 33.50 , 62.40 , 33.20 , 64.30 
31-Mar-2024,2024,March,Week-5, 22.64 , 53.09 , 22.07 , 63.53 , 29.46 , 72.41 , 30.62 , 64.99 , 30.60 , 65.88 , 30.44 , 70.54 , 22.04 , 68.15 , 33.08 , 70.18 , 19.50 , 74.45 , 19.50 , 74.41 , 31.69 , 62.58 , 31.37 , 62.37 , 31.24 , 61.94 , 33.50 , 62.40 , 33.20 , 64.30 
1-Apr-2024,2024,April,Week-1, 20.51 , 51.70 , 22.53 , 68.52 , 29.96 , 72.00 , 30.71 , 67.29 , 30.75 , 67.63 , 30.72 , 69.54 , 22.16 , 68.62 , 32.89 , 68.45 , 19.52 , 74.76 , 19.52 , 74.80 , 32.00 , 62.32 , 31.71 , 62.05 , 31.56 , 61.60 , 33.50 , 62.40 , 33.20 , 64.30 
2-Apr-2024,2024,April,Week-1, 20.47 , 51.16 , 23.56 , 66.57 , 29.30 , 64.49 , 29.34 , 64.86 , 29.28 , 64.29 , 29.19 , 67.18 , 21.79 , 68.62 , 32.88 , 67.66 , 19.49 , 74.18 , 19.49 , 74.15 , 30.29 , 60.22 , 30.30 , 58.37 , 30.27 , 57.19 , 33.50 , 62.40 , 33.20 , 64.30 
3-Apr-2024,2024,April,Week-1, 22.93 , 53.59 , 21.90 , 63.04 , 28.32 , 64.31 , 28.38 , 64.52 , 28.18 , 64.53 , 28.15 , 67.22 , 21.74 , 69.04 , 33.07 , 70.34 , 19.49 , 74.31 , 19.50 , 74.33 , 29.34 , 60.20 , 28.81 , 60.89 , 29.11 , 57.85 , 33.50 , 62.40 , 33.20 , 64.30 
4-Apr-2024,2024,April,Week-1, 22.05 , 54.31 , 22.58 , 69.27 , 28.50 , 70.64 , 29.06 , 67.69 , 29.02 , 67.89 , 28.88 , 71.06 , 21.75 , 69.94 , 33.14 , 70.30 , 19.50 , 75.46 , 19.50 , 75.45 , 29.81 , 64.42 , 29.76 , 62.90 , 29.78 , 61.60 , 33.50 , 62.40 , 33.20 , 64.30 
5-Apr-2024,2024,April,Week-1, 21.01 , 54.88 , 23.48 , 66.89 , 27.98 , 70.45 , 28.31 , 68.53 , 27.92 , 69.63 , 28.10 , 70.63 , 22.24 , 67.43 , 33.82 , 67.18 , 19.51 , 73.57 , 19.51 , 73.57 , 28.78 , 64.01 , 28.27 , 65.44 , 28.56 , 63.71 , 33.50 , 62.40 , 33.20 , 64.30 
6-Apr-2024,2024,April,Week-1, 20.51 , 52.43 , 22.14 , 63.56 , 28.80 , 75.53 , 29.36 , 74.95 , 29.36 , 74.48 , 29.41 , 75.32 , 22.06 , 67.94 , 34.05 , 67.44 , 19.51 , 74.32 , 19.51 , 74.33 , 31.03 , 64.47 , 30.71 , 64.61 , 30.53 , 64.43 , 33.50 , 62.40 , 33.20 , 64.30 
7-Apr-2024,2024,April,Week-1, 21.92 , 48.40 , 22.28 , 67.68 , 29.59 , 72.35 , 30.26 , 70.05 , 30.32 , 70.04 , 30.33 , 71.27 , 22.26 , 67.37 , 34.14 , 67.46 , 19.52 , 73.70 , 19.52 , 73.68 , 31.72 , 62.24 , 31.43 , 61.84 , 31.31 , 61.41 , 33.50 , 62.40 , 33.20 , 64.30 
8-Apr-2024,2024,April,Week-2, 21.72 , 49.55 , 22.10 , 63.12 , 30.22 , 70.57 , 30.85 , 67.37 , 30.87 , 66.88 , 30.83 , 69.84 , 22.04 , 68.14 , 33.84 , 65.47 , 19.51 , 74.15 , 19.51 , 74.11 , 32.31 , 60.77 , 32.03 , 60.55 , 32.00 , 59.85 , 33.50 , 62.40 , 33.20 , 64.30 
9-Apr-2024,2024,April,Week-2, 22.18 , 53.52 , 21.67 , 64.21 , 30.62 , 69.82 , 30.98 , 68.63 , 31.05 , 68.23 , 31.03 , 70.15 , 22.15 , 68.74 , 33.31 , 68.51 , 19.52 , 74.70 , 19.53 , 74.70 , 32.53 , 60.81 , 32.25 , 60.65 , 32.25 , 59.60 , 33.50 , 62.40 , 33.20 , 64.30 
10-Apr-2024,2024,April,Week-2, 24.40 , 49.84 , 22.14 , 59.59 , 29.61 , 67.07 , 29.73 , 66.43 , 29.59 , 66.32 , 29.41 , 69.45 , 21.94 , 68.34 , 33.35 , 65.89 , 19.49 , 74.10 , 19.49 , 74.11 , 30.46 , 62.38 , 30.46 , 60.70 , 30.38 , 60.51 , 33.50 , 62.40 , 33.20 , 64.30 
11-Apr-2024,2024,April,Week-2, 24.56 , 48.60 , 22.18 , 59.47 , 30.23 , 69.22 , 30.88 , 65.46 , 30.88 , 65.30 , 30.79 , 69.14 , 22.19 , 67.99 , 33.09 , 68.19 , 19.53 , 74.11 , 19.53 , 74.09 , 32.14 , 61.18 , 31.92 , 60.19 , 31.97 , 59.15 , 33.50 , 62.40 , 33.20 , 64.30 
12-Apr-2024,2024,April,Week-2, 24.57 , 49.71 , 22.26 , 59.71 , 30.42 , 68.95 , 30.70 , 67.89 , 30.75 , 67.90 , 30.76 , 69.52 , 21.91 , 69.01 , 33.02 , 67.28 , 19.51 , 74.78 , 19.51 , 74.77 , 32.28 , 60.47 , 31.97 , 60.26 , 31.93 , 59.92 , 33.50 , 62.40 , 33.20 , 64.30 
13-Apr-2024,2024,April,Week-2, 24.69 , 48.83 , 22.26 , 59.48 , 29.54 , 68.72 , 29.71 , 67.67 , 29.61 , 68.20 , 29.68 , 69.15 , 22.19 , 68.29 , 32.62 , 71.00 , 19.52 , 74.64 , 19.52 , 74.64 , 30.82 , 61.68 , 30.30 , 62.79 , 30.50 , 61.09 , 33.50 , 62.40 , 33.20 , 64.30 
14-Apr-2024,2024,April,Week-2, 22.44 , 52.31 , 21.70 , 63.06 , 29.98 , 71.31 , 30.51 , 68.73 , 30.57 , 68.82 , 30.56 , 69.93 , 22.06 , 68.16 , 32.93 , 70.96 , 19.52 , 74.41 , 19.52 , 74.43 , 31.97 , 62.21 , 31.50 , 62.68 , 31.67 , 60.85 , 33.50 , 62.40 , 33.20 , 64.30 
15-Apr-2024,2024,April,Week-3, 23.08 , 56.97 , 22.36 , 68.39 , 30.19 , 70.64 , 30.80 , 67.44 , 30.78 , 67.90 , 30.79 , 70.16 , 22.41 , 66.82 , 33.05 , 69.16 , 19.53 , 73.85 , 19.53 , 73.87 , 32.13 , 62.14 , 31.78 , 62.26 , 31.83 , 60.93 , 33.50 , 62.40 , 33.20 , 64.30 
16-Apr-2024,2024,April,Week-3, 22.72 , 47.96 , 22.57 , 66.64 , 30.84 , 68.80 , 31.54 , 65.65 , 31.52 , 65.13 , 31.41 , 69.15 , 22.08 , 68.01 , 32.89 , 68.77 , 19.52 , 74.38 , 19.53 , 74.42 , 32.82 , 60.15 , 32.57 , 59.70 , 32.62 , 58.60 , 33.50 , 62.40 , 33.20 , 64.30 
17-Apr-2024,2024,April,Week-3, 22.45 , 45.18 , 22.45 , 61.65 , 31.33 , 69.14 , 32.09 , 66.23 , 32.16 , 64.74 , 32.02 , 67.85 , 22.37 , 67.29 , 33.31 , 71.05 , 19.53 , 74.23 , 19.53 , 74.24 , 33.26 , 60.14 , 32.98 , 60.39 , 33.05 , 59.49 , 33.50 , 62.40 , 33.20 , 64.30 
18-Apr-2024,2024,April,Week-3, 21.60 , 53.92 , 22.00 , 61.81 , 31.15 , 67.98 , 31.50 , 66.55 , 31.58 , 66.21 , 31.56 , 67.84 , 22.01 , 68.56 , 33.35 , 68.13 , 19.51 , 74.69 , 19.52 , 74.67 , 32.93 , 60.32 , 32.61 , 60.14 , 32.65 , 59.06 , 33.50 , 62.40 , 33.20 , 64.30 
19-Apr-2024,2024,April,Week-3, 20.65 , 53.55 , 22.80 , 67.52 , 31.20 , 66.39 , 31.57 , 65.46 , 31.55 , 64.46 , 31.51 , 67.76 , 22.35 , 66.77 , 33.39 , 66.32 , 19.53 , 73.60 , 19.53 , 73.61 , 33.06 , 58.81 , 32.74 , 58.52 , 32.80 , 57.31 , 33.50 , 62.40 , 33.20 , 64.30 
20-Apr-2024,2024,April,Week-3, 20.63 , 52.56 , 23.68 , 66.33 , 31.18 , 66.58 , 31.08 , 69.07 , 31.04 , 68.54 , 31.15 , 69.28 , 21.85 , 68.95 , 32.82 , 66.92 , 19.52 , 74.74 , 19.52 , 74.71 , 33.03 , 58.90 , 32.68 , 58.81 , 32.68 , 57.88 , 33.50 , 62.40 , 33.20 , 64.30 
21-Apr-2024,2024,April,Week-3, 20.55 , 51.35 , 21.98 , 61.91 , 30.75 , 67.82 , 30.61 , 70.35 , 30.63 , 69.64 , 30.72 , 70.88 , 22.10 , 68.78 , 32.61 , 69.84 , 19.52 , 74.81 , 19.52 , 74.84 , 32.46 , 59.96 , 32.14 , 60.01 , 32.06 , 59.50 , 33.50 , 62.40 , 33.20 , 64.30 
22-Apr-2024,2024,April,Week-4, 20.99 , 53.68 , 24.30 , 73.81 , 30.65 , 67.56 , 31.02 , 65.91 , 31.10 , 65.90 , 31.06 , 67.98 , 21.81 , 69.32 , 32.99 , 67.46 , 19.51 , 74.86 , 19.51 , 74.86 , 32.48 , 59.30 , 32.14 , 59.29 , 32.16 , 58.30 , 33.50 , 62.40 , 33.20 , 64.30 
23-Apr-2024,2024,April,Week-4, 21.36 , 58.46 , 22.43 , 58.12 , 30.89 , 68.64 , 31.32 , 66.40 , 31.39 , 66.65 , 31.36 , 68.54 , 22.23 , 68.30 , 33.36 , 67.99 , 19.54 , 74.56 , 19.54 , 74.51 , 32.78 , 60.11 , 32.47 , 59.92 , 32.55 , 58.72 , 33.50 , 62.40 , 33.20 , 64.30 
24-Apr-2024,2024,April,Week-4, 22.91 , 56.26 , 22.43 , 64.54 , 31.05 , 67.58 , 31.30 , 66.54 , 31.36 , 66.66 , 31.37 , 68.62 , 21.79 , 69.29 , 33.23 , 68.24 , 19.53 , 74.78 , 19.52 , 74.78 , 32.86 , 59.90 , 32.59 , 59.24 , 32.66 , 57.95 , 33.50 , 62.40 , 33.20 , 64.30 
25-Apr-2024,2024,April,Week-4, 22.77 , 52.30 , 22.86 , 59.20 , 30.92 , 68.30 , 30.94 , 69.16 , 30.95 , 68.60 , 31.02 , 70.38 , 22.13 , 68.79 , 33.13 , 67.72 , 19.53 , 74.85 , 19.53 , 74.84 , 32.64 , 60.35 , 32.37 , 59.96 , 32.40 , 58.83 , 32.97 , 64.38 , 33.20 , 64.30 
26-Apr-2024,2024,April,Week-4, 21.90 , 51.86 , 22.42 , 58.64 , 30.71 , 68.70 , 30.81 , 68.63 , 30.84 , 68.71 , 30.89 , 70.48 , 21.73 , 69.89 , 32.97 , 69.56 , 19.52 , 75.19 , 19.52 , 75.23 , 32.49 , 60.85 , 32.17 , 60.61 , 32.18 , 59.80 , 30.80 , 72.40 , 33.20 , 64.30 
27-Apr-2024,2024,April,Week-4, 23.64 , 49.13 , 22.37 , 58.82 , 30.66 , 69.80 , 30.92 , 68.56 , 30.97 , 68.90 , 30.99 , 70.37 , 22.15 , 68.61 , 32.93 , 70.31 , 19.53 , 74.80 , 19.53 , 74.80 , 32.44 , 61.49 , 32.16 , 61.26 , 32.19 , 60.24 , 30.80 , 72.40 , 33.20 , 64.30 
28-Apr-2024,2024,April,Week-4, 23.74 , 46.41 , 22.37 , 59.24 , 30.49 , 70.19 , 30.74 , 69.13 , 30.79 , 68.65 , 30.82 , 70.62 , 21.83 , 69.80 , 32.82 , 71.72 , 19.52 , 75.42 , 19.52 , 75.44 , 32.26 , 62.44 , 31.92 , 62.19 , 31.92 , 61.21 , 30.80 , 72.40 , 33.20 , 64.30 
29-Apr-2024,2024,April,Week-5, 23.82 , 50.47 , 22.37 , 58.68 , 30.73 , 70.57 , 31.16 , 68.60 , 31.18 , 69.23 , 31.23 , 70.00 , 22.28 , 68.17 , 33.09 , 71.21 , 19.54 , 74.69 , 19.54 , 74.66 , 32.61 , 61.76 , 32.38 , 61.21 , 32.35 , 60.72 , 30.80 , 72.40 , 33.20 , 64.30 
30-Apr-2024,2024,April,Week-5, 22.45 , 48.63 , 22.42 , 57.87 , 30.93 , 69.57 , 31.52 , 66.26 , 31.60 , 66.50 , 31.56 , 68.13 , 21.95 , 69.05 , 33.65 , 69.77 , 19.52 , 74.85 , 19.52 , 74.85 , 32.78 , 61.41 , 32.54 , 60.70 , 32.59 , 59.45 , 30.80 , 72.40 , 33.20 , 64.30 
1-May-2024,2024,May,Week-1, 21.19 , 46.18 , 21.86 , 60.65 , 31.02 , 69.17 , 31.12 , 69.97 , 31.15 , 69.57 , 31.23 , 70.77 , 22.31 , 67.62 , 33.58 , 69.36 , 19.53 , 74.19 , 19.54 , 74.19 , 32.88 , 60.23 , 32.61 , 59.97 , 32.63 , 59.00 , 30.80 , 72.40 , 33.20 , 64.30 
2-May-2024,2024,May,Week-1, 23.11 , 46.31 , 21.97 , 63.14 , 28.86 , 63.89 , 28.15 , 68.00 , 27.58 , 69.22 , 28.07 , 68.22 , 21.87 , 68.58 , 33.30 , 66.21 , 19.51 , 73.89 , 19.51 , 73.89 , 28.86 , 60.42 , 28.30 , 61.42 , 28.48 , 61.00 , 30.80 , 72.40 , 33.20 , 64.30 
3-May-2024,2024,May,Week-1, 23.15 , 45.89 , 22.20 , 60.43 , 28.79 , 75.32 , 29.47 , 73.30 , 29.45 , 73.71 , 29.56 , 73.15 , 22.14 , 68.76 , 33.26 , 70.41 , 19.53 , 75.03 , 19.53 , 75.04 , 30.89 , 64.52 , 30.62 , 64.65 , 30.37 , 65.45 , 30.80 , 72.40 , 33.20 , 64.30 
4-May-2024,2024,May,Week-1, 23.03 , 43.32 , 22.27 , 58.45 , 30.23 , 69.15 , 31.50 , 62.69 , 31.46 , 63.63 , 31.36 , 67.08 , 22.04 , 67.54 , 32.88 , 67.63 , 19.53 , 73.44 , 19.53 , 73.44 , 32.54 , 59.29 , 32.29 , 59.46 , 32.20 , 59.39 , 30.80 , 72.40 , 33.20 , 64.30 
5-May-2024,2024,May,Week-1, 23.11 , 52.60 , 22.20 , 61.97 , 30.95 , 66.89 , 31.91 , 61.26 , 31.84 , 62.95 , 31.78 , 65.73 , 22.37 , 66.77 , 33.09 , 66.89 , 19.53 , 73.48 , 19.54 , 73.47 , 33.06 , 57.64 , 32.75 , 58.02 , 32.73 , 57.88 , 30.80 , 72.40 , 33.20 , 64.30 
6-May-2024,2024,May,Week-1, 22.58 , 60.68 , 22.38 , 68.26 , 31.23 , 66.36 , 31.89 , 62.17 , 31.87 , 62.31 , 31.82 , 65.81 , 21.99 , 67.96 , 33.18 , 65.75 , 19.52 , 73.79 , 19.52 , 73.78 , 33.13 , 57.92 , 32.86 , 57.87 , 32.88 , 57.19 , 30.80 , 72.40 , 33.20 , 64.30 
7-May-2024,2024,May,Week-1, 20.93 , 56.93 , 22.33 , 66.80 , 31.31 , 65.51 , 31.87 , 62.32 , 31.89 , 62.38 , 31.85 , 64.77 , 22.29 , 67.50 , 33.07 , 65.61 , 19.53 , 73.86 , 19.53 , 73.89 , 33.12 , 57.25 , 32.84 , 57.34 , 32.76 , 56.98 , 30.80 , 72.40 , 33.20 , 64.30 
8-May-2024,2024,May,Week-2, 20.75 , 55.16 , 21.73 , 62.23 , 31.20 , 65.69 , 31.61 , 63.66 , 31.70 , 63.27 , 31.66 , 65.17 , 21.87 , 68.66 , 32.90 , 67.83 , 19.52 , 74.16 , 19.52 , 74.16 , 32.91 , 58.14 , 32.64 , 57.98 , 32.71 , 56.92 , 30.80 , 72.40 , 33.20 , 64.30 
9-May-2024,2024,May,Week-2, 20.64 , 50.75 , 22.32 , 66.51 , 31.32 , 67.32 , 31.53 , 66.73 , 31.59 , 66.74 , 31.61 , 67.86 , 22.33 , 67.87 , 33.04 , 69.30 , 19.53 , 74.45 , 19.54 , 74.46 , 33.04 , 59.71 , 32.83 , 59.40 , 32.93 , 58.05 , 30.80 , 72.40 , 33.20 , 64.30 
10-May-2024,2024,May,Week-2, 22.87 , 52.79 , 22.51 , 59.91 , 31.30 , 68.17 , 31.86 , 64.20 , 31.87 , 64.19 , 31.78 , 67.71 , 22.01 , 68.16 , 33.38 , 68.06 , 19.53 , 74.16 , 19.53 , 74.19 , 33.13 , 59.93 , 32.85 , 59.80 , 32.94 , 58.76 , 30.80 , 72.40 , 33.20 , 64.30 
11-May-2024,2024,May,Week-2, 20.54 , 52.29 , 22.42 , 57.81 , 31.42 , 68.25 , 32.07 , 63.69 , 32.08 , 63.93 , 31.96 , 68.32 , 22.35 , 67.67 , 33.46 , 68.59 , 19.54 , 74.42 , 19.53 , 74.43 , 33.24 , 60.35 , 32.98 , 59.92 , 33.05 , 58.81 , 30.80 , 72.40 , 33.20 , 64.30 
12-May-2024,2024,May,Week-2, 20.56 , 52.45 , 22.40 , 58.43 , 31.48 , 66.79 , 32.03 , 63.05 , 32.03 , 62.86 , 31.93 , 67.15 , 22.00 , 68.12 , 33.40 , 66.91 , 19.52 , 74.17 , 19.52 , 74.16 , 33.31 , 58.59 , 33.04 , 58.33 , 33.01 , 57.98 , 30.80 , 72.40 , 33.20 , 64.30 
13-May-2024,2024,May,Week-2, 22.68 , 56.49 , 22.43 , 58.36 , 31.49 , 67.27 , 32.10 , 63.48 , 32.10 , 63.52 , 32.02 , 67.10 , 22.35 , 67.53 , 33.06 , 68.90 , 19.54 , 74.17 , 19.54 , 74.19 , 33.29 , 59.28 , 33.02 , 59.20 , 33.05 , 58.31 , 30.80 , 72.40 , 33.20 , 64.30 
14-May-2024,2024,May,Week-2, 22.27 , 52.86 , 22.40 , 58.33 , 31.40 , 66.18 , 31.73 , 63.97 , 31.75 , 63.59 , 31.73 , 66.17 , 21.95 , 68.59 , 32.11 , 70.30 , 19.52 , 74.32 , 19.52 , 74.34 , 33.12 , 58.43 , 32.83 , 58.34 , 32.86 , 57.58 , 30.80 , 72.40 , 33.20 , 64.30 
15-May-2024,2024,May,Week-3, 21.27 , 54.47 , 21.64 , 63.40 , 30.98 , 67.25 , 31.22 , 66.48 , 31.23 , 66.69 , 31.27 , 67.50 , 22.26 , 68.13 , 32.15 , 70.94 , 19.53 , 74.57 , 19.54 , 74.59 , 32.69 , 59.84 , 32.36 , 59.85 , 32.28 , 59.61 , 30.80 , 72.40 , 33.20 , 64.30 
16-May-2024,2024,May,Week-3, 20.37 , 52.32 , 21.53 , 65.15 , 30.92 , 67.85 , 31.39 , 65.30 , 31.46 , 65.11 , 31.39 , 67.40 , 21.94 , 68.35 , 32.53 , 68.14 , 19.52 , 74.20 , 19.52 , 74.20 , 32.67 , 58.85 , 32.37 , 58.74 , 32.40 , 58.00 , 30.80 , 72.40 , 33.20 , 64.30 
17-May-2024,2024,May,Week-3, 20.89 , 54.22 , 23.16 , 69.95 , 31.33 , 66.51 , 31.80 , 63.68 , 31.80 , 64.03 , 31.78 , 66.23 , 22.27 , 67.65 , 32.63 , 67.57 , 19.53 , 74.18 , 19.53 , 74.17 , 32.70 , 58.30 , 32.40 , 58.00 , 32.50 , 57.00 , 30.80 , 72.40 , 33.20 , 64.30 
18-May-2024,2024,May,Week-3, 20.61 , 53.07 , 21.16 , 59.74 , 31.49 , 64.99 , 31.85 , 62.81 , 31.90 , 62.91 , 31.91 , 64.71 , 22.01 , 67.67 , 33.05 , 66.04 , 19.53 , 73.59 , 19.53 , 73.59 , 32.70 , 58.30 , 32.40 , 58.00 , 32.50 , 57.00 , 30.80 , 72.40 , 33.20 , 64.30 
19-May-2024,2024,May,Week-3, 20.58 , 51.89 , 21.51 , 64.37 , 31.43 , 65.44 , 32.05 , 62.18 , 32.05 , 62.57 , 32.03 , 64.66 , 22.30 , 67.61 , 33.22 , 65.61 , 19.52 , 74.09 , 19.52 , 74.10 , 32.70 , 58.30 , 32.40 , 58.00 , 32.50 , 57.00 , 30.80 , 72.40 , 33.20 , 64.30 
20-May-2024,2024,May,Week-3, 20.59 , 51.45 , 23.48 , 65.93 , 31.53 , 64.46 , 32.11 , 60.81 , 32.10 , 61.15 , 32.06 , 63.99 , 21.99 , 67.76 , 32.96 , 62.89 , 19.53 , 73.57 , 19.53 , 73.57 , 32.70 , 58.30 , 32.40 , 58.00 , 32.50 , 57.00 , 30.80 , 72.40 , 33.20 , 64.30 
21-May-2024,2024,May,Week-3, 20.56 , 50.66 , 23.73 , 63.54 , 31.47 , 65.22 , 32.03 , 62.09 , 32.03 , 62.48 , 32.00 , 64.94 , 22.28 , 67.53 , 32.94 , 64.94 , 19.53 , 73.98 , 19.53 , 73.97 , 32.70 , 58.30 , 32.40 , 58.00 , 32.50 , 57.00 , 30.80 , 72.40 , 33.20 , 64.30 
22-May-2024,2024,May,Week-4, 22.36 , 54.58 , 21.93 , 59.76 , 31.61 , 65.69 , 32.37 , 60.81 , 32.27 , 62.59 , 32.24 , 65.21 , 22.03 , 67.60 , 32.81 , 66.13 , 19.53 , 73.62 , 19.53 , 73.62 , 32.70 , 58.30 , 32.40 , 58.00 , 32.50 , 57.00 , 30.80 , 72.40 , 33.20 , 64.30 
23-May-2024,2024,May,Week-4, 20.94 , 54.58 , 21.12 , 63.78 , 31.60 , 67.67 , 32.12 , 63.49 , 32.01 , 64.96 , 32.02 , 66.99 , 22.30 , 67.23 , 32.37 , 69.69 , 19.54 , 73.80 , 19.54 , 73.81 , 32.70 , 58.30 , 32.40 , 58.00 , 32.50 , 57.00 , 30.80 , 72.40 , 33.20 , 64.30 
24-May-2024,2024,May,Week-4, 20.57 , 52.89 , 22.28 , 68.16 , 31.31 , 67.74 , 31.51 , 66.28 , 31.42 , 66.74 , 31.47 , 68.49 , 21.96 , 68.13 , 31.84 , 71.06 , 19.52 , 74.05 , 19.52 , 74.06 , 32.70 , 58.30 , 32.40 , 58.00 , 32.50 , 57.00 , 30.80 , 72.40 , 33.20 , 64.30 
25-May-2024,2024,May,Week-4, 22.45 , 53.10 , 22.39 , 64.64 , 31.03 , 67.20 , 30.61 , 69.43 , 30.53 , 69.07 , 30.66 , 70.04 , 22.12 , 68.23 , 30.94 , 73.11 , 19.52 , 74.44 , 19.52 , 74.43 , 32.70 , 58.30 , 32.40 , 58.00 , 32.50 , 57.00 , 30.80 , 72.40 , 33.20 , 64.30 
26-May-2024,2024,May,Week-4, 24.51 , 52.02 , 21.29 , 66.15 , 30.32 , 66.63 , 30.14 , 67.88 , 30.06 , 67.90 , 30.19 , 69.18 , 21.68 , 69.70 , 31.05 , 74.02 , 19.52 , 74.68 , 19.52 , 74.69 , 32.70 , 58.30 , 32.40 , 58.00 , 32.50 , 57.00 , 30.80 , 72.40 , 33.20 , 64.30 
27-May-2024,2024,May,Week-4, 22.97 , 49.42 , 21.18 , 65.01 , 30.39 , 67.78 , 30.89 , 65.04 , 30.88 , 65.35 , 30.84 , 68.25 , 21.88 , 68.86 , 31.63 , 71.48 , 19.53 , 74.83 , 19.53 , 74.83 , 32.70 , 58.30 , 32.40 , 58.00 , 32.50 , 57.00 , 30.80 , 72.40 , 33.20 , 64.30 
28-May-2024,2024,May,Week-4, 21.76 , 45.67 , 21.15 , 64.18 , 30.68 , 65.90 , 31.47 , 62.52 , 31.52 , 62.18 , 31.41 , 65.01 , 21.91 , 68.71 , 32.43 , 71.68 , 19.54 , 74.38 , 19.54 , 74.38 , 32.70 , 58.30 , 32.40 , 58.00 , 32.50 , 57.00 , 30.80 , 72.40 , 33.20 , 64.30 
29-May-2024,2024,May,Week-5, 20.03 , 55.90 , 21.15 , 65.13 , 29.73 , 65.81 , 30.02 , 63.56 , 29.78 , 63.80 , 29.76 , 66.49 , 22.02 , 67.98 , 32.26 , 73.29 , 19.52 , 74.52 , 19.51 , 74.54 , 32.70 , 58.30 , 32.40 , 58.00 , 32.50 , 57.00 , 30.80 , 72.40 , 33.20 , 64.30 
30-May-2024,2024,May,Week-5, 21.20 , 52.28 , 21.06 , 64.59 , 30.02 , 67.95 , 30.96 , 63.03 , 30.94 , 63.49 , 30.86 , 66.68 , 21.99 , 68.34 , 32.23 , 71.04 , 19.53 , 74.25 , 19.53 , 74.26 , 32.70 , 58.30 , 32.40 , 58.00 , 32.50 , 57.00 , 30.80 , 72.40 , 33.20 , 64.30 
31-May-2024,2024,May,Week-5, 20.49 , 58.38 , 21.11 , 65.17 , 30.62 , 68.21 , 31.58 , 62.65 , 31.61 , 63.94 , 31.53 , 66.64 , 22.05 , 67.62 , 32.41 , 71.63 , 19.53 , 74.47 , 19.53 , 74.47 , 32.70 , 58.30 , 32.40 , 58.00 , 32.50 , 57.00 , 30.80 , 72.40 , 33.20 , 64.30 
1-Jun-2024,2024,June,Week-1, 19.62 , 52.12 , 22.31 , 68.03 , 30.91 , 67.40 , 31.47 , 64.00 , 31.47 , 64.64 , 31.50 , 66.35 , 22.01 , 68.58 , 32.33 , 71.45 , 19.52 , 74.07 , 19.52 , 74.07 , 32.70 , 58.30 , 32.40 , 58.00 , 32.50 , 57.00 , 30.80 , 72.40 , 33.20 , 64.30 
2-Jun-2024,2024,June,Week-1, 21.29 , 46.97 , 22.17 , 63.11 , 30.91 , 66.16 , 31.28 , 63.89 , 31.24 , 64.45 , 31.34 , 65.71 , 22.02 , 68.76 , 32.08 , 71.91 , 19.53 , 74.52 , 19.53 , 74.51 , 32.70 , 58.30 , 32.40 , 58.00 , 32.50 , 57.00 , 30.80 , 72.40 , 33.20 , 64.30 
3-Jun-2024,2024,June,Week-1, 20.75 , 49.17 , 22.39 , 69.12 , 30.73 , 68.04 , 30.77 , 68.88 , 30.71 , 68.60 , 30.93 , 68.55 , 21.95 , 67.54 , 31.83 , 73.44 , 19.53 , 74.41 , 19.53 , 74.41 , 32.70 , 58.30 , 32.40 , 58.00 , 32.50 , 57.00 , 30.80 , 72.40 , 33.20 , 64.30 
4-Jun-2024,2024,June,Week-1, 19.46 , 51.49 , 23.56 , 67.74 , 30.61 , 66.04 , 30.78 , 65.55 , 30.73 , 66.51 , 30.91 , 66.79 , 21.96 , 66.77 , 31.73 , 72.97 , 19.53 , 74.58 , 19.53 , 74.58 , 32.70 , 58.30 , 32.40 , 58.00 , 32.50 , 57.00 , 30.80 , 72.40 , 33.20 , 64.30 
5-Jun-2024,2024,June,Week-1, 19.49 , 51.11 , 23.69 , 64.42 , 30.71 , 67.06 , 31.44 , 63.16 , 31.45 , 64.48 , 31.48 , 65.89 , 21.98 , 67.96 , 32.21 , 70.23 , 19.52 , 74.02 , 19.52 , 74.03 , 32.70 , 58.30 , 32.40 , 58.00 , 32.50 , 57.00 , 30.80 , 72.40 , 33.20 , 64.30 
6-Jun-2024,2024,June,Week-1, 21.38 , 50.14 , 22.15 , 59.98 , 31.05 , 65.91 , 31.87 , 61.46 , 31.90 , 63.05 , 31.88 , 64.46 , 22.08 , 67.50 , 32.54 , 68.29 , 19.52 , 74.02 , 19.53 , 74.02 , 32.70 , 58.30 , 32.40 , 58.00 , 32.50 , 57.00 , 30.80 , 72.40 , 33.20 , 64.30 
7-Jun-2024,2024,June,Week-1, 21.07 , 52.50 , 22.63 , 65.38 , 31.39 , 63.95 , 32.12 , 60.61 , 32.15 , 61.67 , 32.13 , 63.13 , 22.05 , 68.66 , 32.58 , 69.45 , 19.53 , 73.71 , 19.53 , 73.74 , 32.70 , 58.30 , 32.40 , 58.00 , 32.50 , 57.00 , 30.80 , 72.40 , 33.20 , 64.30 
8-Jun-2024,2024,June,Week-2, 20.19 , 57.08 , 23.63 , 65.33 , 31.28 , 66.45 , 31.96 , 62.48 , 31.97 , 64.16 , 31.95 , 65.73 , 22.09 , 67.87 , 32.12 , 71.48 , 19.52 , 74.38 , 19.52 , 74.41 , 32.70 , 58.30 , 32.40 , 58.00 , 32.50 , 57.00 , 30.80 , 72.40 , 33.20 , 64.30 
9-Jun-2024,2024,June,Week-2, 21.77 , 58.10 , 22.58 , 60.92 , 31.24 , 67.34 , 31.86 , 63.38 , 31.86 , 65.01 , 31.86 , 66.46 , 22.01 , 68.16 , 31.95 , 71.86 , 19.51 , 74.28 , 19.51 , 74.27 , 32.70 , 58.30 , 32.40 , 58.00 , 32.50 , 57.00 , 30.80 , 72.40 , 33.20 , 64.30 
10-Jun-2024,2024,June,Week-2, 22.52 , 55.03 , 20.98 , 61.69 , 30.29 , 65.59 , 30.54 , 63.55 , 30.40 , 64.25 , 30.45 , 65.18 , 22.03 , 67.67 , 32.17 , 70.45 , 19.52 , 74.41 , 19.52 , 74.42 , 32.70 , 58.30 , 32.40 , 58.00 , 32.50 , 57.00 , 30.80 , 72.40 , 33.20 , 64.30 
11-Jun-2024,2024,June,Week-2, 20.66 , 53.57 , 21.48 , 57.34 , 29.65 , 66.51 , 29.60 , 66.84 , 29.41 , 67.13 , 29.53 , 68.15 , 21.96 , 68.12 , 31.80 , 73.44 , 19.50 , 74.57 , 19.51 , 74.54 , 32.70 , 58.30 , 32.40 , 58.00 , 32.50 , 57.00 , 30.80 , 72.40 , 33.20 , 64.30 
12-Jun-2024,2024,June,Week-2, 20.59 , 54.01 , 21.31 , 50.35 , 29.04 , 70.31 , 29.27 , 69.33 , 29.14 , 69.78 , 29.28 , 70.58 , 21.94 , 67.53 , 31.38 , 72.37 , 19.53 , 75.02 , 19.53 , 75.02 , 32.70 , 58.30 , 32.40 , 58.00 , 32.50 , 57.00 , 30.80 , 72.40 , 33.20 , 64.30 
13-Jun-2024,2024,June,Week-2, 20.40 , 55.75 , 20.51 , 54.95 , 29.37 , 71.42 , 29.66 , 71.09 , 29.57 , 71.15 , 29.77 , 71.64 , 21.89 , 68.59 , 30.96 , 73.69 , 19.53 , 74.47 , 19.53 , 74.47 , 32.70 , 58.30 , 32.40 , 58.00 , 32.50 , 57.00 , 30.80 , 72.40 , 33.20 , 64.30 
14-Jun-2024,2024,June,Week-2, 20.62 , 56.11 , 21.14 , 66.87 , 29.64 , 70.41 , 30.29 , 67.93 , 30.34 , 68.13 , 30.35 , 69.17 , 21.88 , 68.13 , 30.86 , 74.33 , 19.52 , 75.34 , 19.52 , 75.33 , 32.70 , 58.30 , 32.40 , 58.00 , 32.50 , 57.00 , 30.80 , 72.40 , 33.20 , 64.30 
15-Jun-2024,2024,June,Week-3, 20.54 , 53.94 , 21.08 , 66.89 , 29.96 , 69.85 , 30.74 , 65.78 , 30.80 , 67.14 , 30.79 , 68.00 , 21.88 , 68.35 , 31.28 , 74.52 , 19.53 , 75.24 , 19.53 , 75.26 , 32.70 , 58.30 , 32.40 , 58.00 , 32.50 , 57.00 , 30.80 , 72.40 , 33.20 , 64.30 
16-Jun-2024,2024,June,Week-3, 20.60 , 54.59 , 21.06 , 66.25 , 30.23 , 71.53 , 30.76 , 69.09 , 30.77 , 70.02 , 30.85 , 69.98 , 21.99 , 67.65 , 31.39 , 72.52 , 19.54 , 74.92 , 19.54 , 74.92 , 32.70 , 58.30 , 32.40 , 58.00 , 32.50 , 57.00 , 30.80 , 72.40 , 33.20 , 64.30 
17-Jun-2024,2024,June,Week-3, 20.70 , 54.18 , 21.90 , 67.57 , 30.40 , 67.41 , 31.17 , 63.59 , 31.22 , 65.04 , 31.24 , 65.59 , 22.03 , 67.67 , 32.01 , 69.59 , 19.52 , 73.75 , 19.52 , 73.75 , 32.70 , 58.30 , 32.40 , 58.00 , 32.50 , 57.00 , 30.80 , 72.40 , 33.20 , 64.30 
18-Jun-2024,2024,June,Week-3, 20.54 , 54.94 , 22.05 , 63.71 , 30.70 , 66.37 , 31.20 , 63.27 , 31.17 , 64.13 , 31.26 , 65.32 , 22.07 , 67.61 , 31.82 , 71.02 , 19.53 , 74.22 , 19.53 , 74.20 , 32.70 , 58.30 , 32.40 , 58.00 , 32.50 , 57.00 , 30.80 , 72.40 , 33.20 , 64.30 
19-Jun-2024,2024,June,Week-3, 22.14 , 57.30 , 22.43 , 68.71 , 30.47 , 65.87 , 30.80 , 64.12 , 30.79 , 63.76 , 30.85 , 64.88 , 21.95 , 67.76 , 31.56 , 70.61 , 19.53 , 74.39 , 19.53 , 74.42 , 32.70 , 58.30 , 32.40 , 58.00 , 32.50 , 57.00 , 30.80 , 72.40 , 33.20 , 64.30 
20-Jun-2024,2024,June,Week-3, 20.81 , 55.63 , 22.03 , 62.75 , 30.14 , 65.49 , 30.72 , 62.24 , 30.69 , 62.73 , 30.70 , 65.16 , 21.92 , 67.53 , 31.21 , 74.42 , 19.54 , 74.39 , 19.54 , 74.40 , 32.70 , 58.30 , 32.40 , 58.00 , 32.50 , 57.00 , 30.80 , 72.40 , 33.20 , 64.30 
21-Jun-2024,2024,June,Week-3, 20.65 , 56.90 , 21.18 , 65.50 , 30.27 , 66.28 , 30.98 , 62.54 , 30.99 , 62.67 , 30.99 , 64.80 , 21.85 , 67.60 , 31.45 , 74.31 , 19.51 , 74.59 , 19.52 , 74.61 , 32.70 , 58.30 , 32.40 , 58.00 , 32.50 , 57.00 , 30.80 , 72.40 , 33.20 , 64.30 
22-Jun-2024,2024,June,Week-4, 22.61 , 59.35 , 21.18 , 66.07 , 30.37 , 66.05 , 30.94 , 62.97 , 30.93 , 62.91 , 30.99 , 65.18 , 21.91 , 67.23 , 31.29 , 72.90 , 19.53 , 74.57 , 19.53 , 74.57 , 32.70 , 58.30 , 32.40 , 58.00 , 32.50 , 57.00 , 30.80 , 72.40 , 33.20 , 64.30 
23-Jun-2024,2024,June,Week-4, 24.43 , 57.15 , 21.22 , 66.11 , 30.30 , 64.56 , 30.88 , 61.68 , 30.88 , 61.61 , 30.93 , 63.60 , 21.92 , 68.13 , 30.67 , 73.32 , 19.52 , 73.53 , 19.52 , 73.50 , 32.70 , 58.30 , 32.40 , 58.00 , 32.50 , 57.00 , 30.80 , 72.40 , 33.20 , 64.30 
24-Jun-2024,2024,June,Week-4, 22.50 , 54.90 , 21.27 , 65.89 , 30.39 , 66.17 , 30.90 , 63.20 , 30.87 , 63.33 , 30.94 , 65.97 , 21.95 , 68.23 , 30.32 , 75.03 , 19.52 , 74.69 , 19.52 , 74.69 , 32.70 , 58.30 , 32.40 , 58.00 , 32.50 , 57.00 , 30.80 , 72.40 , 33.20 , 64.30 
25-Jun-2024,2024,June,Week-4, 20.77 , 55.22 , 22.33 , 69.67 , 30.57 , 66.76 , 30.90 , 65.97 , 30.80 , 66.07 , 30.97 , 67.02 , 21.91 , 69.70 , 30.86 , 73.56 , 19.53 , 74.14 , 19.53 , 74.15 , 32.70 , 58.30 , 32.40 , 58.00 , 32.50 , 57.00 , 30.80 , 72.40 , 33.20 , 64.30 
26-Jun-2024,2024,June,Week-4, 20.55 , 53.86 , 22.09 , 65.27 , 29.96 , 66.81 , 30.28 , 65.11 , 30.14 , 66.42 , 30.33 , 66.12 , 21.83 , 68.86 , 31.53 , 71.63 , 19.53 , 74.80 , 19.53 , 74.81 , 32.70 , 58.30 , 32.40 , 58.00 , 32.50 , 57.00 , 30.80 , 72.40 , 33.20 , 64.30 
27-Jun-2024,2024,June,Week-4, 22.47 , 60.09 , 22.45 , 68.97 , 30.37 , 69.61 , 31.23 , 65.72 , 31.21 , 66.93 , 31.25 , 68.07 , 21.92 , 68.71 , 32.24 , 67.46 , 19.52 , 74.63 , 19.52 , 74.62 , 32.70 , 58.30 , 32.40 , 58.00 , 32.50 , 57.00 , 30.80 , 72.40 , 33.20 , 64.30 
28-Jun-2024,2024,June,Week-4, 20.53 , 51.45 , 23.70 , 66.36 , 30.93 , 68.24 , 31.86 , 63.87 , 31.86 , 65.24 , 31.88 , 66.31 , 21.96 , 67.98 , 32.51 , 70.10 , 19.53 , 74.52 , 19.53 , 74.51 , 32.70 , 58.30 , 32.40 , 58.00 , 32.50 , 57.00 , 30.80 , 72.40 , 33.20 , 64.30 
29-Jun-2024,2024,June,Week-5, 20.59 , 54.15 , 23.12 , 60.52 , 31.01 , 61.72 , 31.46 , 60.87 , 31.40 , 61.18 , 31.51 , 61.37 , 21.70 , 68.34 , 32.13 , 70.32 , 19.24 , 74.33 , 19.24 , 74.32 , 32.70 , 58.30 , 32.40 , 58.00 , 32.50 , 57.00 , 30.80 , 72.40 , 33.20 , 64.30 
30-Jun-2024,2024,June,Week-5, 20.64 , 53.60 , 22.36 , 61.84 , 30.57 , 65.86 , 31.06 , 63.55 , 31.00 , 64.61 , 31.22 , 64.32 , 21.80 , 69.27 , 31.32 , 73.00 , 19.52 , 74.45 , 19.52 , 74.47 , 32.70 , 58.30 , 32.40 , 58.00 , 32.50 , 57.00 , 30.80 , 72.40 , 33.20 , 64.30 
1-Jul-2024,2024,July,Week-1, 20.55 , 52.60 , 22.30 , 62.13 , 30.22 , 66.20 , 30.59 , 65.01 , 30.43 , 65.80 , 30.68 , 65.00 , 21.91 , 68.66 , 31.75 , 73.18 , 19.51 , 74.50 , 19.50 , 74.53 , 32.70 , 58.30 , 32.40 , 58.00 , 32.50 , 57.00 , 30.80 , 72.40 , 33.20 , 64.30 
2-Jul-2024,2024,July,Week-1, 20.85 , 54.85 , 21.69 , 64.72 , 30.33 , 68.06 , 30.75 , 67.29 , 30.69 , 66.82 , 30.88 , 67.52 , 22.03 , 67.87 , 32.01 , 72.24 , 19.53 , 74.63 , 19.54 , 74.60 , 32.70 , 58.30 , 32.40 , 58.00 , 32.50 , 57.00 , 30.80 , 72.40 , 33.20 , 64.30 
3-Jul-2024,2024,July,Week-1, 20.62 , 54.78 , 22.50 , 68.89 , 30.57 , 64.82 , 31.27 , 62.41 , 31.23 , 63.38 , 31.38 , 63.32 , 22.03 , 67.61 , 32.39 , 70.54 , 19.54 , 74.23 , 19.54 , 74.23 , 32.70 , 58.30 , 32.40 , 58.00 , 32.50 , 57.00 , 30.80 , 72.40 , 33.20 , 64.30 
4-Jul-2024,2024,July,Week-1, 22.70 , 53.65 , 22.11 , 61.96 , 30.66 , 63.62 , 31.10 , 62.18 , 31.03 , 62.52 , 31.10 , 63.03 , 22.08 , 67.05 , 32.50 , 69.24 , 19.53 , 73.87 , 19.53 , 73.88 , 32.70 , 58.30 , 32.40 , 58.00 , 32.50 , 57.00 , 30.80 , 72.40 , 33.20 , 64.30 
5-Jul-2024,2024,July,Week-1, 22.39 , 53.68 , 21.40 , 67.51 , 30.57 , 65.65 , 30.65 , 65.52 , 30.52 , 66.10 , 30.79 , 65.77 , 21.97 , 67.72 , 31.90 , 70.33 , 19.53 , 74.25 , 19.53 , 74.23 , 32.70 , 58.30 , 32.40 , 58.00 , 32.50 , 57.00 , 30.80 , 72.40 , 33.20 , 64.30 
6-Jul-2024,2024,July,Week-1, 20.55 , 55.94 , 21.54 , 69.98 , 29.81 , 66.70 , 29.45 , 68.55 , 29.26 , 68.60 , 29.70 , 68.09 , 21.86 , 68.32 , 32.18 , 70.86 , 19.52 , 74.56 , 19.52 , 74.57 , 32.70 , 58.30 , 32.40 , 58.00 , 32.50 , 57.00 , 30.80 , 72.40 , 33.20 , 64.30 
7-Jul-2024,2024,July,Week-1, 20.14 , 54.55 , 21.76 , 69.04 , 29.03 , 66.70 , 28.87 , 67.06 , 28.69 , 67.79 , 29.06 , 67.73 , 21.75 , 68.99 , 32.62 , 71.00 , 19.51 , 74.86 , 19.51 , 74.86 , 32.70 , 58.30 , 32.40 , 58.00 , 32.50 , 57.00 , 30.80 , 72.40 , 33.20 , 64.30 
8-Jul-2024,2024,July,Week-2, 20.33 , 58.18 , 22.12 , 65.60 , 29.30 , 70.41 , 30.21 , 66.57 , 30.21 , 68.03 , 30.24 , 69.36 , 21.87 , 68.80 , 33.08 , 70.18 , 19.53 , 75.26 , 19.53 , 75.25 , 32.70 , 58.30 , 32.40 , 58.00 , 32.50 , 57.00 , 30.80 , 72.40 , 33.20 , 64.30 
9-Jul-2024,2024,July,Week-2, 19.84 , 53.86 , 21.13 , 62.31 , 29.82 , 69.27 , 30.70 , 65.39 , 30.68 , 67.09 , 30.74 , 68.11 , 21.97 , 68.17 , 32.89 , 68.45 , 19.53 , 74.79 , 19.53 , 74.78 , 32.70 , 58.30 , 32.40 , 58.00 , 32.50 , 57.00 , 30.80 , 72.40 , 33.20 , 64.30 
10-Jul-2024,2024,July,Week-2, 20.12 , 54.43 , 22.46 , 69.95 , 30.21 , 67.08 , 31.04 , 63.37 , 31.03 , 64.39 , 31.11 , 65.34 , 22.01 , 67.38 , 32.88 , 67.66 , 19.62 , 74.68 , 19.61 , 74.73 , 32.70 , 58.30 , 32.40 , 58.00 , 32.50 , 57.00 , 30.80 , 72.40 , 33.20 , 64.30 
11-Jul-2024,2024,July,Week-2, 20.52 , 54.78 , 22.04 , 63.03 , 30.43 , 65.50 , 31.20 , 61.62 , 31.13 , 62.18 , 31.33 , 64.16 , 22.04 , 67.14 , 33.07 , 70.34 , 20.10 , 78.80 , 20.10 , 79.20 , 32.70 , 58.30 , 32.40 , 58.00 , 32.50 , 57.00 , 30.80 , 72.40 , 33.20 , 64.30 
12-Jul-2024,2024,July,Week-2, 22.60 , 59.59 , 22.35 , 66.53 , 30.61 , 63.55 , 31.10 , 60.86 , 31.00 , 61.92 , 31.27 , 62.40 , 22.00 , 66.45 , 33.14 , 70.30 , 20.10 , 78.80 , 20.10 , 79.20 , 32.70 , 58.30 , 32.40 , 58.00 , 32.50 , 57.00 , 30.80 , 72.40 , 33.20 , 64.30 
13-Jul-2024,2024,July,Week-2, 22.37 , 52.91 , 22.15 , 62.31 , 30.68 , 61.58 , 31.15 , 60.32 , 31.07 , 60.94 , 31.30 , 60.93 , 21.93 , 66.68 , 33.82 , 67.18 , 20.10 , 78.80 , 20.10 , 79.20 , 32.70 , 58.30 , 32.40 , 58.00 , 32.50 , 57.00 , 30.80 , 72.40 , 33.20 , 64.30 
14-Jul-2024,2024,July,Week-2, 21.20 , 54.36 , 21.28 , 65.58 , 30.59 , 61.79 , 31.21 , 59.76 , 31.16 , 60.91 , 31.29 , 61.28 , 22.00 , 66.33 , 34.05 , 67.44 , 20.10 , 78.80 , 20.10 , 79.20 , 32.70 , 58.30 , 32.40 , 58.00 , 32.50 , 57.00 , 30.80 , 72.40 , 33.20 , 64.30 
15-Jul-2024,2024,July,Week-3, 23.09 , 53.10 , 21.30 , 65.94 , 30.49 , 61.05 , 31.12 , 59.22 , 31.07 , 60.16 , 31.22 , 59.82 , 21.97 , 66.49 , 34.14 , 67.46 , 20.10 , 78.80 , 20.10 , 79.20 , 32.70 , 58.30 , 32.40 , 58.00 , 32.50 , 57.00 , 30.80 , 72.40 , 33.20 , 64.30 
16-Jul-2024,2024,July,Week-3, 20.94 , 51.46 , 21.31 , 66.30 , 30.43 , 62.23 , 31.16 , 59.83 , 31.13 , 60.86 , 31.23 , 61.08 , 22.00 , 66.79 , 33.84 , 65.47 , 20.10 , 78.80 , 20.10 , 79.20 , 32.70 , 58.30 , 32.40 , 58.00 , 32.50 , 57.00 , 30.80 , 72.40 , 33.20 , 64.30 
17-Jul-2024,2024,July,Week-3, 19.84 , 53.60 , 21.22 , 65.79 , 30.46 , 64.07 , 31.22 , 60.83 , 31.16 , 61.73 , 31.27 , 62.98 , 22.02 , 66.89 , 33.31 , 68.51 , 20.10 , 78.80 , 20.10 , 79.20 , 32.70 , 58.30 , 32.40 , 58.00 , 32.50 , 57.00 , 30.80 , 72.40 , 33.20 , 64.30 
18-Jul-2024,2024,July,Week-3, 21.51 , 57.70 , 21.19 , 66.06 , 30.58 , 64.76 , 31.30 , 60.98 , 31.24 , 62.26 , 31.37 , 63.43 , 22.05 , 66.80 , 33.35 , 65.89 , 20.10 , 78.80 , 20.10 , 79.20 , 32.70 , 58.30 , 32.40 , 58.00 , 32.50 , 57.00 , 30.80 , 72.40 , 33.20 , 64.30 
19-Jul-2024,2024,July,Week-3, 20.42 , 53.01 , 21.24 , 65.93 , 30.83 , 63.75 , 31.43 , 61.53 , 31.37 , 61.79 , 31.50 , 62.73 , 22.02 , 66.82 , 33.09 , 68.19 , 20.10 , 78.80 , 20.10 , 79.20 , 32.70 , 58.30 , 32.40 , 58.00 , 32.50 , 57.00 , 30.80 , 72.40 , 33.20 , 64.30 
20-Jul-2024,2024,July,Week-3, 20.15 , 54.02 , 22.43 , 67.64 , 30.89 , 61.87 , 31.46 , 59.25 , 31.40 , 59.85 , 31.52 , 60.89 , 22.01 , 66.46 , 31.21 , 74.42 , 20.10 , 78.80 , 20.10 , 79.20 , 32.70 , 58.30 , 32.40 , 58.00 , 32.50 , 57.00 , 30.80 , 72.40 , 33.20 , 64.30 
21-Jul-2024,2024,July,Week-3, 19.98 , 52.33 , 22.23 , 62.79 , 31.12 , 62.18 , 31.68 , 59.52 , 31.63 , 60.05 , 31.74 , 61.28 , 22.06 , 66.53 , 31.45 , 74.31 , 20.10 , 78.80 , 20.10 , 79.20 , 32.70 , 58.30 , 32.40 , 58.00 , 32.50 , 57.00 , 30.80 , 72.40 , 33.20 , 64.30 
22-Jul-2024,2024,July,Week-4, 21.68 , 50.79 , 22.35 , 67.05 , 31.01 , 62.94 , 31.65 , 59.33 , 31.57 , 60.40 , 31.69 , 61.85 , 22.05 , 66.53 , 31.29 , 72.90 , 20.10 , 78.80 , 20.10 , 79.20 , 32.70 , 58.30 , 32.40 , 58.00 , 32.50 , 57.00 , 30.80 , 72.40 , 33.20 , 64.30 
23-Jul-2024,2024,July,Week-4, 20.78 , 53.78 , 23.62 , 66.09 , 30.55 , 62.02 , 31.02 , 59.43 , 30.75 , 61.02 , 30.95 , 61.38 , 22.06 , 66.37 , 30.67 , 73.32 , 20.10 , 78.80 , 20.10 , 79.20 , 32.70 , 58.30 , 32.40 , 58.00 , 32.50 , 57.00 , 30.80 , 72.40 , 33.20 , 64.30 
24-Jul-2024,2024,July,Week-4, 19.83 , 51.38 , 21.85 , 61.29 , 30.19 , 65.28 , 30.91 , 62.05 , 30.80 , 64.13 , 30.87 , 64.16 , 22.09 , 66.26 , 30.32 , 75.03 , 20.10 , 78.80 , 20.10 , 79.20 , 32.70 , 58.30 , 32.40 , 58.00 , 32.50 , 57.00 , 30.80 , 72.40 , 33.20 , 64.30 
25-Jul-2024,2024,July,Week-4, 21.81 , 50.76 , 21.20 , 64.86 , 30.68 , 63.60 , 31.32 , 61.35 , 31.24 , 62.81 , 31.38 , 62.37 , 22.05 , 66.38 , 30.86 , 73.56 , 20.10 , 78.80 , 20.10 , 79.20 , 32.70 , 58.30 , 32.40 , 58.00 , 32.50 , 57.00 , 30.80 , 72.40 , 33.20 , 64.30 
26-Jul-2024,2024,July,Week-4, 23.37 , 56.25 , 21.24 , 65.85 , 30.94 , 63.60 , 31.50 , 61.51 , 31.43 , 61.78 , 31.57 , 62.24 , 22.04 , 66.59 , 31.53 , 71.63 , 20.10 , 78.80 , 20.10 , 79.20 , 32.70 , 58.30 , 32.40 , 58.00 , 32.50 , 57.00 , 30.80 , 72.40 , 33.20 , 64.30 
27-Jul-2024,2024,July,Week-4, 21.74 , 54.10 , 22.49 , 68.03 , 30.98 , 62.56 , 31.52 , 60.41 , 31.44 , 61.15 , 31.60 , 61.35 , 22.03 , 66.41 , 32.24 , 67.46 , 20.10 , 78.80 , 20.10 , 79.20 , 32.70 , 58.30 , 32.40 , 58.00 , 32.50 , 57.00 , 30.80 , 72.40 , 33.20 , 64.30 
28-Jul-2024,2024,July,Week-4, 19.83 , 52.40 , 22.08 , 62.46 , 31.10 , 62.22 , 31.68 , 59.51 , 31.60 , 60.30 , 31.73 , 61.30 , 22.01 , 66.66 , 32.51 , 70.10 , 20.10 , 78.80 , 20.10 , 79.20 , 32.70 , 58.30 , 32.40 , 58.00 , 32.50 , 57.00 , 30.80 , 72.40 , 33.20 , 64.30 
29-Jul-2024,2024,July,Week-5, 19.87 , 52.00 , 21.18 , 63.57 , 31.17 , 61.97 , 31.83 , 58.97 , 31.76 , 59.92 , 31.89 , 60.73 , 22.05 , 66.34 , 32.13 , 70.32 , 20.10 , 78.80 , 20.10 , 79.20 , 32.70 , 58.30 , 32.40 , 58.00 , 32.50 , 57.00 , 30.80 , 72.40 , 33.20 , 64.30 
30-Jul-2024,2024,July,Week-5, 23.59 , 58.79 , 22.47 , 67.16 , 31.17 , 62.00 , 31.82 , 59.39 , 31.75 , 60.20 , 31.89 , 60.87 , 22.05 , 66.34 , 31.32 , 73.00 , 20.10 , 78.80 , 20.10 , 79.20 , 32.70 , 58.30 , 32.40 , 58.00 , 32.50 , 57.00 , 30.80 , 72.40 , 33.20 , 64.30 
31-Jul-2024,2024,July,Week-5, 20.70 , 54.18 , 22.01 , 61.98 , 31.32 , 62.49 , 31.95 , 59.91 , 31.89 , 60.78 , 32.03 , 61.28 , 22.09 , 66.72 , 31.75 , 73.18 , 20.10 , 78.80 , 20.10 , 79.20 , 32.70 , 58.30 , 32.40 , 58.00 , 32.50 , 57.00 , 30.80 , 72.40 , 33.20 , 64.30 
1-Aug-2024,2024,August,Week-1, 20.54 , 54.94 , 22.74 , 62.55 , 31.30 , 64.36 , 31.83 , 61.80 , 31.74 , 62.89 , 31.88 , 63.56 , 22.10 , 67.59 , 32.01 , 72.24 , 20.10 , 78.80 , 20.10 , 79.20 , 32.70 , 58.30 , 32.40 , 58.00 , 32.50 , 57.00 , 30.80 , 72.40 , 33.20 , 64.30 
2-Aug-2024,2024,August,Week-1, 22.14 , 57.30 , 21.36 , 58.22 , 31.23 , 63.97 , 31.85 , 60.83 , 31.75 , 62.18 , 31.89 , 62.90 , 22.11 , 67.38 , 32.39 , 70.54 , 20.10 , 78.80 , 20.10 , 79.20 , 32.70 , 58.30 , 32.40 , 58.00 , 32.50 , 57.00 , 30.80 , 72.40 , 33.20 , 64.30 
3-Aug-2024,2024,August,Week-1, 20.81 , 55.63 , 19.91 , 62.09 , 31.06 , 65.33 , 31.59 , 62.54 , 31.51 , 64.36 , 31.69 , 63.70 , 22.13 , 67.49 , 32.50 , 69.24 , 20.10 , 78.80 , 20.10 , 79.20 , 32.70 , 58.30 , 32.40 , 58.00 , 32.50 , 57.00 , 30.80 , 72.40 , 33.20 , 64.30 
4-Aug-2024,2024,August,Week-1, 20.65 , 56.90 , 19.96 , 62.13 , 31.07 , 65.43 , 31.59 , 63.41 , 31.55 , 64.64 , 31.70 , 63.82 , 22.12 , 67.50 , 31.90 , 70.33 , 20.10 , 78.80 , 20.10 , 79.20 , 32.70 , 58.30 , 32.40 , 58.00 , 32.50 , 57.00 , 30.80 , 72.40 , 33.20 , 64.30 
5-Aug-2024,2024,August,Week-1, 22.61 , 59.35 , 21.37 , 66.14 , 31.06 , 64.30 , 31.61 , 62.68 , 31.58 , 63.32 , 31.71 , 62.49 , 22.13 , 67.13 , 32.18 , 70.86 , 20.10 , 78.80 , 20.10 , 79.20 , 32.70 , 58.30 , 32.40 , 58.00 , 32.50 , 57.00 , 30.80 , 72.40 , 33.20 , 64.30 
6-Aug-2024,2024,August,Week-1, 24.43 , 57.15 , 22.62 , 64.57 , 30.73 , 63.81 , 31.14 , 63.05 , 31.10 , 63.55 , 31.20 , 63.04 , 22.05 , 67.39 , 32.62 , 71.00 , 20.10 , 78.80 , 20.10 , 79.20 , 32.70 , 58.30 , 32.40 , 58.00 , 32.50 , 57.00 , 30.80 , 72.40 , 33.20 , 64.30 
7-Aug-2024,2024,August,Week-1, 22.50 , 54.90 , 21.12 , 60.19 , 30.77 , 65.16 , 31.27 , 63.56 , 31.22 , 64.28 , 31.36 , 64.37 , 22.02 , 67.73 , 33.08 , 70.18 , 20.10 , 78.80 , 20.10 , 79.20 , 32.70 , 58.30 , 32.40 , 58.00 , 32.50 , 57.00 , 30.80 , 72.40 , 33.20 , 64.30 
8-Aug-2024,2024,August,Week-2, 20.77 , 55.22 , 20.96 , 67.18 , 30.67 , 64.92 , 30.96 , 64.51 , 30.92 , 64.73 , 31.21 , 63.89 , 22.02 , 67.23 , 32.89 , 68.45 , 20.10 , 78.80 , 20.10 , 79.20 , 32.70 , 58.30 , 32.40 , 58.00 , 32.50 , 57.00 , 30.80 , 72.40 , 33.20 , 64.30 
9-Aug-2024,2024,August,Week-2, 20.55 , 53.86 , 21.24 , 67.51 , 30.52 , 67.95 , 30.85 , 66.38 , 30.81 , 67.01 , 31.14 , 66.78 , 22.02 , 67.54 , 32.88 , 67.66 , 20.10 , 78.80 , 20.10 , 79.20 , 32.70 , 58.30 , 32.40 , 58.00 , 32.50 , 57.00 , 30.80 , 72.40 , 33.20 , 64.30 
10-Aug-2024,2024,August,Week-2, 22.47 , 60.09 , 21.88 , 64.36 , 30.66 , 66.47 , 31.15 , 63.26 , 31.05 , 65.00 , 31.25 , 65.47 , 22.02 , 67.82 , 33.07 , 70.34 , 20.10 , 78.80 , 20.10 , 79.20 , 32.70 , 58.30 , 32.40 , 58.00 , 32.50 , 57.00 , 30.80 , 72.40 , 33.20 , 64.30 
11-Aug-2024,2024,August,Week-2, 20.53 , 51.45 , 22.31 , 61.45 , 30.48 , 65.72 , 30.98 , 62.77 , 30.92 , 64.14 , 30.99 , 65.20 , 22.01 , 68.38 , 33.14 , 70.30 , 20.10 , 78.80 , 20.10 , 79.20 , 32.70 , 58.30 , 32.40 , 58.00 , 32.50 , 57.00 , 30.80 , 72.40 , 33.20 , 64.30 
12-Aug-2024,2024,August,Week-2, 20.59 , 54.15 , 21.52 , 60.32 , 30.52 , 62.83 , 30.87 , 61.27 , 30.80 , 61.98 , 30.95 , 62.22 , 22.01 , 67.72 , 33.82 , 67.18 , 20.10 , 78.80 , 20.10 , 79.20 , 32.70 , 58.30 , 32.40 , 58.00 , 32.50 , 57.00 , 30.80 , 72.40 , 33.20 , 64.30 
13-Aug-2024,2024,August,Week-2, 20.64 , 53.60 , 22.45 , 69.67 , 30.08 , 61.13 , 30.34 , 60.38 , 30.28 , 60.76 , 30.43 , 60.68 , 22.03 , 67.14 , 34.05 , 67.44 , 19.79 , 75.66 , 19.79 , 75.87 , 32.11 , 56.04 , 31.89 , 56.19 , 31.91 , 55.64 , 28.73 , 71.07 , 29.81 , 67.94 
14-Aug-2024,2024,August,Week-2, 20.55 , 52.60 , 22.07 , 64.60 , 29.97 , 64.12 , 30.34 , 62.63 , 30.31 , 62.98 , 30.41 , 63.77 , 22.02 , 67.99 , 34.14 , 67.46 , 19.52 , 73.50 , 19.52 , 73.52 , 31.55 , 56.97 , 31.39 , 57.00 , 31.41 , 56.52 , 30.24 , 66.11 , 29.94 , 67.68 
15-Aug-2024,2024,August,Week-3, 20.85 , 54.85 , 22.42 , 68.54 , 29.95 , 65.70 , 30.42 , 63.84 , 30.46 , 63.82 , 30.57 , 64.26 , 22.09 , 67.60 , 33.84 , 65.47 , 19.51 , 73.20 , 19.51 , 73.21 , 31.62 , 57.74 , 31.41 , 58.06 , 31.46 , 57.49 , 32.39 , 62.05 , 32.06 , 63.35 
16-Aug-2024,2024,August,Week-3, 20.62 , 54.78 , 22.07 , 63.29 , 29.99 , 65.41 , 30.32 , 64.43 , 30.38 , 64.60 , 30.59 , 64.12 , 22.11 , 67.12 , 33.31 , 68.51 , 19.52 , 72.89 , 19.52 , 72.88 , 31.72 , 57.47 , 31.47 , 57.82 , 31.46 , 57.46 , 32.98 , 60.48 , 32.69 , 61.39 
17-Aug-2024,2024,August,Week-3, 22.70 , 53.65 , 22.18 , 60.31 , 30.15 , 65.09 , 30.59 , 63.23 , 30.58 , 64.31 , 30.74 , 64.31 , 22.14 , 67.07 , 33.35 , 65.89 , 19.52 , 72.80 , 19.52 , 72.80 , 31.96 , 56.83 , 31.71 , 57.00 , 31.73 , 56.52 , 33.50 , 58.89 , 33.32 , 59.53 
18-Aug-2024,2024,August,Week-3, 22.39 , 53.68 , 22.36 , 60.66 , 30.51 , 65.16 , 30.93 , 63.17 , 30.90 , 64.25 , 31.04 , 64.30 , 21.99 , 68.49 , 31.21 , 74.42 , 19.51 , 73.93 , 19.51 , 73.92 , 32.36 , 57.14 , 32.14 , 57.17 , 32.17 , 56.51 , 33.76 , 59.30 , 33.69 , 59.58 
19-Aug-2024,2024,August,Week-3, 20.55 , 55.94 , 20.38 , 55.46 , 30.47 , 64.42 , 30.96 , 62.28 , 30.95 , 63.22 , 31.06 , 63.65 , 22.06 , 67.92 , 31.45 , 74.31 , 19.52 , 73.26 , 19.52 , 73.31 , 32.20 , 56.33 , 31.98 , 56.58 , 31.97 , 56.21 , 29.01 , 66.76 , 28.87 , 67.76 
20-Aug-2024,2024,August,Week-3, 20.14 , 54.55 , 20.56 , 66.50 , 30.35 , 63.81 , 30.77 , 62.28 , 30.75 , 63.06 , 30.87 , 62.76 , 21.86 , 69.44 , 31.29 , 72.90 , 19.51 , 74.26 , 19.51 , 74.20 , 31.95 , 55.92 , 31.80 , 56.29 , 31.80 , 56.09 , 28.52 , 68.21 , 28.30 , 70.06 
21-Aug-2024,2024,August,Week-3, 20.70 , 54.18 , 22.43 , 69.28 , 30.52 , 63.42 , 31.01 , 61.98 , 30.96 , 62.77 , 31.12 , 61.08 , 22.07 , 67.87 , 30.67 , 73.32 , 19.53 , 73.23 , 19.53 , 73.23 , 32.27 , 55.27 , 32.08 , 55.65 , 32.07 , 55.38 , 32.33 , 62.82 , 31.94 , 64.52 
22-Aug-2024,2024,August,Week-4, 20.54 , 54.94 , 23.60 , 66.73 , 30.89 , 64.88 , 31.34 , 62.93 , 31.25 , 63.61 , 31.40 , 64.44 , 21.78 , 70.04 , 30.32 , 75.03 , 19.64 , 74.32 , 19.65 , 74.24 , 32.65 , 57.07 , 32.45 , 57.37 , 32.50 , 56.54 , 28.84 , 64.10 , 28.20 , 67.29 
23-Aug-2024,2024,August,Week-4, 22.14 , 57.30 , 22.19 , 61.98 , 30.63 , 64.61 , 30.89 , 63.40 , 30.89 , 63.30 , 31.09 , 63.16 , 21.93 , 68.64 , 30.86 , 73.56 , 19.53 , 73.56 , 19.52 , 73.50 , 32.33 , 56.38 , 31.82 , 57.82 , 32.02 , 56.76 , 31.69 , 64.01 , 31.76 , 64.05 
24-Aug-2024,2024,August,Week-4, 20.81 , 55.63 , 21.20 , 64.82 , 30.54 , 63.69 , 30.91 , 61.62 , 30.88 , 62.33 , 31.02 , 63.21 , 21.71 , 70.07 , 31.53 , 71.63 , 19.52 , 74.35 , 19.52 , 74.31 , 32.31 , 55.95 , 32.01 , 56.26 , 32.02 , 55.70 , 33.15 , 61.81 , 33.32 , 60.83 
25-Aug-2024,2024,August,Week-4, 20.65 , 56.90 , 21.16 , 65.24 , 30.60 , 61.88 , 31.09 , 59.80 , 31.07 , 60.22 , 31.17 , 61.17 , 22.03 , 67.72 , 32.24 , 67.46 , 19.52 , 72.94 , 19.52 , 72.89 , 32.43 , 53.75 , 32.13 , 54.29 , 32.14 , 53.74 , 33.96 , 56.67 , 34.01 , 56.30 
26-Aug-2024,2024,August,Week-4, 22.61 , 59.35 , 22.42 , 68.19 , 30.83 , 62.41 , 31.23 , 60.49 , 31.21 , 61.11 , 31.33 , 61.66 , 21.90 , 68.85 , 32.51 , 70.10 , 19.52 , 73.92 , 19.51 , 73.89 , 32.71 , 54.62 , 32.41 , 55.01 , 32.44 , 54.31 , 31.75 , 60.39 , 31.57 , 61.30 
27-Aug-2024,2024,August,Week-4, 24.43 , 57.15 , 23.57 , 65.60 , 30.78 , 64.89 , 31.24 , 61.83 , 31.20 , 62.86 , 31.57 , 64.24 , 22.09 , 68.09 , 32.13 , 70.32 , 19.54 , 73.73 , 19.52 , 73.72 , 32.59 , 56.59 , 32.35 , 56.93 , 32.33 , 56.65 , 29.61 , 66.97 , 29.60 , 66.91 
28-Aug-2024,2024,August,Week-4, 22.50 , 54.90 , 22.18 , 60.96 , 30.77 , 62.38 , 31.23 , 59.63 , 31.20 , 60.06 , 31.27 , 61.78 , 21.90 , 69.09 , 31.32 , 73.00 , 19.52 , 73.89 , 19.52 , 73.91 , 32.53 , 54.19 , 32.30 , 54.51 , 32.28 , 54.23 , 29.46 , 64.44 , 29.44 , 64.56 
29-Aug-2024,2024,August,Week-5, 20.77 , 55.22 , 21.10 , 63.70 , 30.85 , 63.72 , 31.42 , 61.35 , 31.39 , 61.58 , 31.48 , 62.24 , 22.11 , 67.66 , 31.75 , 73.18 , 19.53 , 73.20 , 19.53 , 73.17 , 32.61 , 55.66 , 32.28 , 56.69 , 32.39 , 55.77 , 32.27 , 63.87 , 32.31 , 63.37 
30-Aug-2024,2024,August,Week-5, 20.55 , 53.86 , 22.36 , 66.98 , 30.96 , 62.35 , 31.44 , 59.76 , 31.41 , 60.37 , 31.53 , 61.11 , 21.98 , 68.29 , 32.01 , 72.24 , 19.52 , 73.37 , 19.51 , 73.42 , 32.86 , 53.81 , 32.40 , 54.97 , 32.50 , 54.39 , 34.03 , 57.02 , 34.01 , 56.90 
31-Aug-2024,2024,August,Week-5, 22.47 , 60.09 , 21.99 , 61.90 , 31.21 , 60.66 , 31.55 , 59.17 , 31.54 , 59.39 , 31.65 , 60.07 , 22.14 , 66.92 , 32.39 , 70.54 , 19.53 , 72.53 , 19.52 , 72.51 , 33.13 , 52.31 , 32.81 , 53.04 , 32.77 , 52.77 , 34.29 , 54.23 , 34.07 , 55.11 
1-Sep-2024,2024,September,Week-1, 20.53 , 51.45 , 21.70 , 63.39 , 31.21 , 62.95 , 31.53 , 61.01 , 31.51 , 61.39 , 31.63 , 62.51 , 21.96 , 68.75 , 32.50 , 69.24 , 19.52 , 74.02 , 19.52 , 73.98 , 33.06 , 55.55 , 32.73 , 55.83 , 32.77 , 54.92 , 34.69 , 57.93 , 34.60 , 58.21 
2-Sep-2024,2024,September,Week-1, 20.59 , 54.15 , 22.31 , 59.97 , 31.22 , 64.40 , 31.66 , 61.69 , 31.66 , 61.98 , 31.73 , 63.77 , 22.17 , 67.50 , 31.90 , 70.33 , 19.53 , 73.49 , 19.53 , 73.50 , 33.11 , 56.71 , 32.77 , 56.92 , 32.81 , 56.08 , 34.93 , 59.65 , 34.80 , 59.97 
3-Sep-2024,2024,September,Week-1, 20.64 , 53.60 , 21.16 , 58.28 , 31.19 , 62.13 , 31.65 , 59.24 , 31.63 , 59.67 , 31.71 , 61.04 , 22.00 , 68.26 , 32.18 , 70.86 , 19.52 , 73.64 , 19.51 , 73.58 , 33.03 , 54.47 , 32.71 , 54.72 , 32.72 , 54.14 , 29.24 , 62.90 , 28.94 , 63.69 
4-Sep-2024,2024,September,Week-1, 20.55 , 52.60 , 20.06 , 61.84 , 31.40 , 61.44 , 31.88 , 59.08 , 31.82 , 59.95 , 31.94 , 60.29 , 22.17 , 67.14 , 32.62 , 71.00 , 19.52 , 73.06 , 19.51 , 73.03 , 33.19 , 53.25 , 32.97 , 53.73 , 32.99 , 53.42 , 32.02 , 62.06 , 31.96 , 62.12 
5-Sep-2024,2024,September,Week-1, 20.85 , 54.85 , 20.01 , 61.70 , 31.17 , 62.81 , 31.57 , 60.75 , 31.56 , 61.09 , 31.63 , 62.04 , 21.94 , 68.92 , 33.08 , 70.18 , 19.51 , 73.87 , 19.52 , 73.88 , 32.93 , 55.16 , 32.63 , 55.72 , 32.64 , 55.20 , 32.31 , 62.80 , 32.31 , 62.44 
6-Sep-2024,2024,September,Week-1, 20.62 , 54.78 , 20.09 , 63.47 , 31.07 , 63.23 , 31.42 , 61.24 , 31.39 , 61.47 , 31.49 , 62.50 , 22.12 , 67.87 , 32.89 , 68.45 , 19.52 , 73.68 , 19.53 , 73.68 , 32.77 , 55.32 , 32.56 , 55.61 , 32.52 , 55.50 , 30.10 , 65.93 , 29.68 , 67.70 
7-Sep-2024,2024,September,Week-1, 22.70 , 53.65 , 20.09 , 62.61 , 30.95 , 61.14 , 31.13 , 60.68 , 31.12 , 60.37 , 31.22 , 61.15 , 21.85 , 69.32 , 32.88 , 67.66 , 19.51 , 73.69 , 19.51 , 73.71 , 32.64 , 53.16 , 32.42 , 53.79 , 32.27 , 54.13 , 32.64 , 58.67 , 32.62 , 59.46 
8-Sep-2024,2024,September,Week-2, 22.39 , 53.68 , 20.11 , 63.26 , 30.91 , 64.13 , 31.31 , 61.81 , 31.30 , 62.10 , 31.38 , 63.60 , 22.00 , 68.28 , 33.07 , 70.34 , 19.53 , 73.69 , 19.53 , 73.64 , 32.72 , 56.20 , 32.43 , 56.54 , 32.44 , 56.01 , 33.90 , 59.20 , 33.95 , 58.99 
9-Sep-2024,2024,September,Week-2, 20.55 , 55.94 , 20.09 , 63.77 , 29.55 , 65.35 , 29.54 , 64.31 , 29.27 , 65.44 , 29.55 , 64.95 , 22.00 , 69.00 , 33.14 , 70.30 , 19.51 , 73.77 , 19.51 , 73.74 , 30.44 , 59.92 , 30.14 , 60.70 , 30.01 , 61.09 , 34.62 , 59.22 , 34.51 , 59.24 
10-Sep-2024,2024,September,Week-2, 20.14 , 54.55 , 20.24 , 65.53 , 29.68 , 67.91 , 29.85 , 68.30 , 29.78 , 67.96 , 29.95 , 68.81 , 22.07 , 68.22 , 31.21 , 74.42 , 19.53 , 73.96 , 19.53 , 73.96 , 31.57 , 59.67 , 31.29 , 59.75 , 31.09 , 60.15 , 34.20 , 59.74 , 34.06 , 60.24 
11-Sep-2024,2024,September,Week-2, 25.64 , 58.26 , 21.42 , 62.32 , 29.75 , 66.53 , 29.85 , 66.90 , 29.80 , 66.47 , 29.96 , 67.61 , 21.73 , 70.44 , 31.45 , 74.31 , 19.51 , 74.38 , 19.51 , 74.34 , 31.57 , 57.95 , 31.33 , 58.14 , 31.16 , 58.83 , 31.49 , 62.59 , 31.38 , 63.04 
12-Sep-2024,2024,September,Week-2, 20.70 , 54.18 , 22.16 , 62.08 , 30.02 , 66.94 , 30.53 , 64.28 , 30.52 , 64.75 , 30.59 , 66.44 , 21.96 , 68.97 , 31.29 , 72.90 , 19.53 , 74.37 , 19.53 , 74.34 , 31.81 , 58.66 , 31.63 , 58.63 , 31.54 , 58.75 , 33.33 , 62.44 , 33.24 , 62.24 
13-Sep-2024,2024,September,Week-2, 20.54 , 54.94 , 22.31 , 60.72 , 30.05 , 65.21 , 30.34 , 63.38 , 30.29 , 64.01 , 30.41 , 65.24 , 21.81 , 70.02 , 30.67 , 73.32 , 19.51 , 74.09 , 19.51 , 74.12 , 31.76 , 57.20 , 31.60 , 57.20 , 31.50 , 57.22 , 30.74 , 62.58 , 30.56 , 63.28 
14-Sep-2024,2024,September,Week-2, 22.14 , 57.30 , 22.29 , 59.93 , 30.05 , 63.71 , 30.50 , 61.33 , 30.46 , 62.06 , 30.54 , 63.09 , 22.01 , 68.07 , 30.32 , 75.03 , 19.51 , 73.30 , 19.52 , 73.33 , 31.73 , 55.85 , 31.59 , 55.89 , 31.54 , 55.66 , 32.90 , 58.13 , 32.39 , 59.88 
15-Sep-2024,2024,September,Week-3, 20.81 , 55.63 , 21.47 , 60.88 , 30.23 , 62.97 , 30.71 , 60.46 , 30.68 , 61.11 , 30.77 , 62.17 , 21.89 , 69.30 , 30.86 , 73.56 , 19.53 , 73.65 , 19.51 , 73.68 , 31.99 , 55.21 , 31.84 , 55.24 , 31.76 , 55.11 , 33.20 , 56.98 , 32.91 , 58.23 
16-Sep-2024,2024,September,Week-3, 20.65 , 56.90 , 22.33 , 67.83 , 30.40 , 62.85 , 30.87 , 60.34 , 30.83 , 61.14 , 30.92 , 62.13 , 22.08 , 67.39 , 31.53 , 71.63 , 19.52 , 72.77 , 19.52 , 72.78 , 32.18 , 54.78 , 32.01 , 54.92 , 31.95 , 54.66 , 33.61 , 55.84 , 33.43 , 56.76 
17-Sep-2024,2024,September,Week-3, 22.61 , 59.35 , 21.86 , 61.90 , 30.58 , 60.99 , 31.10 , 58.43 , 31.07 , 58.93 , 31.17 , 60.02 , 21.97 , 68.17 , 32.24 , 67.46 , 19.52 , 73.15 , 19.53 , 73.12 , 32.38 , 53.10 , 32.22 , 53.30 , 32.10 , 53.30 , 34.47 , 52.39 , 34.10 , 53.60 
18-Sep-2024,2024,September,Week-3, 24.43 , 57.15 , 21.11 , 64.79 , 29.34 , 60.29 , 29.00 , 62.14 , 28.70 , 62.47 , 29.09 , 61.56 , 22.06 , 67.46 , 32.51 , 70.10 , 19.52 , 72.80 , 19.52 , 72.88 , 30.60 , 54.87 , 30.29 , 55.97 , 30.13 , 56.55 , 33.80 , 54.39 , 33.67 , 55.06 
19-Sep-2024,2024,September,Week-3, 22.50 , 54.90 , 22.00 , 61.62 , 28.29 , 63.55 , 28.29 , 64.44 , 28.12 , 65.07 , 28.43 , 63.65 , 21.00 , 63.04 , 32.13 , 70.32 , 17.87 , 69.90 , 17.87 , 69.94 , 29.62 , 55.88 , 29.15 , 57.68 , 28.89 , 58.66 , 32.70 , 56.01 , 32.61 , 56.40 
20-Sep-2024,2024,September,Week-3, 20.77 , 55.22 , 22.11 , 61.39 , 28.72 , 63.50 , 29.35 , 60.25 , 29.32 , 61.08 , 29.47 , 62.19 , 18.66 , 61.23 , 31.32 , 73.00 , 15.32 , 69.28 , 15.32 , 69.27 , 30.61 , 55.89 , 30.47 , 55.23 , 30.24 , 55.36 , 33.78 , 56.77 , 33.58 , 57.65 
21-Sep-2024,2024,September,Week-3, 20.55 , 53.86 , 22.19 , 60.76 , 29.45 , 63.09 , 30.22 , 58.34 , 30.21 , 58.93 , 30.28 , 61.20 , 18.54 , 62.29 , 31.75 , 73.18 , 15.32 , 70.17 , 15.31 , 70.13 , 31.34 , 55.73 , 31.26 , 55.02 , 31.17 , 54.33 , 33.95 , 58.36 , 33.88 , 58.59 
22-Sep-2024,2024,September,Week-4, 22.47 , 60.09 , 22.21 , 60.91 , 30.08 , 64.14 , 30.70 , 59.43 , 30.70 , 59.10 , 30.72 , 62.26 , 18.52 , 62.49 , 32.01 , 72.24 , 15.30 , 70.47 , 15.30 , 70.50 , 31.94 , 56.78 , 31.86 , 55.97 , 31.84 , 55.15 , 34.99 , 59.21 , 34.84 , 59.64 
23-Sep-2024,2024,September,Week-4, 20.53 , 51.45 , 21.57 , 61.02 , 30.51 , 61.72 , 30.79 , 60.37 , 30.83 , 59.61 , 30.97 , 60.84 , 18.48 , 62.77 , 32.39 , 70.54 , 15.32 , 70.46 , 15.31 , 70.48 , 32.26 , 54.24 , 32.23 , 53.48 , 32.17 , 52.74 , 29.71 , 64.06 , 29.47 , 65.08 
24-Sep-2024,2024,September,Week-4, 20.59 , 54.15 , 20.54 , 59.58 , 30.34 , 61.21 , 30.40 , 61.11 , 30.36 , 61.11 , 30.53 , 61.30 , 18.38 , 63.07 , 32.50 , 69.24 , 15.30 , 70.53 , 15.30 , 70.51 , 31.69 , 54.57 , 31.57 , 54.84 , 31.63 , 53.84 , 25.60 , 68.54 , 25.42 , 69.81 
25-Sep-2024,2024,September,Week-4, 20.64 , 53.60 , 21.95 , 62.81 , 29.16 , 64.53 , 29.21 , 63.00 , 29.02 , 64.01 , 29.16 , 64.66 , 19.60 , 70.42 , 31.90 , 70.33 , 17.59 , 74.98 , 17.59 , 74.94 , 30.11 , 58.99 , 29.96 , 59.36 , 29.96 , 59.03 , 23.60 , 70.80 , 23.42 , 72.48 
26-Sep-2024,2024,September,Week-4, 20.55 , 52.60 , 22.19 , 61.31 , 29.31 , 66.37 , 29.88 , 61.65 , 29.79 , 63.53 , 29.86 , 65.24 , 19.14 , 62.58 , 32.18 , 70.86 , 15.83 , 70.34 , 15.84 , 70.32 , 30.90 , 58.72 , 30.87 , 58.26 , 30.76 , 58.29 , 26.07 , 70.70 , 25.73 , 73.78 
27-Sep-2024,2024,September,Week-4, 20.85 , 54.85 , 21.44 , 55.33 , 29.48 , 67.93 , 29.92 , 64.29 , 29.86 , 65.05 , 29.96 , 67.15 , 20.68 , 73.01 , 32.62 , 71.00 , 18.96 , 76.71 , 18.97 , 76.74 , 31.19 , 60.04 , 31.14 , 59.61 , 30.99 , 59.50 , 30.86 , 67.95 , 30.80 , 68.15 
28-Sep-2024,2024,September,Week-4, 20.62 , 54.78 , 18.96 , 54.52 , 29.90 , 69.01 , 30.46 , 65.65 , 30.44 , 65.60 , 30.49 , 68.22 , 21.98 , 69.72 , 33.08 , 70.18 , 19.51 , 75.35 , 19.51 , 75.28 , 31.70 , 60.69 , 31.68 , 59.95 , 31.58 , 59.87 , 32.82 , 66.27 , 32.87 , 65.79 
29-Sep-2024,2024,September,Week-5, 22.70 , 53.65 , 21.51 , 59.82 , 30.29 , 67.05 , 30.85 , 63.01 , 30.85 , 63.23 , 30.89 , 65.85 , 21.92 , 69.29 , 32.89 , 68.45 , 19.52 , 74.62 , 19.52 , 74.61 , 32.13 , 58.76 , 32.05 , 58.25 , 31.97 , 58.00 , 34.08 , 62.93 , 34.07 , 62.71 
30-Sep-2024,2024,September,Week-5, 22.39 , 53.68 , 21.56 , 56.23 , 30.51 , 65.17 , 30.83 , 63.70 , 30.86 , 63.72 , 31.05 , 63.52 , 22.14 , 67.97 , 32.88 , 67.66 , 19.51 , 73.76 , 19.51 , 73.72 , 32.31 , 57.27 , 32.21 , 57.00 , 32.11 , 56.63 , 34.96 , 59.67 , 34.90 , 59.71 
1-Oct-2024,2024,October,Week-1, 20.55 , 55.94 , 22.16 , 60.74 , 30.53 , 63.08 , 30.75 , 62.81 , 30.71 , 62.54 , 30.85 , 63.11 , 21.99 , 68.16 , 33.07 , 70.34 , 19.52 , 73.78 , 19.52 , 73.73 , 32.08 , 56.52 , 31.85 , 56.87 , 31.94 , 55.55 , 35.35 , 59.05 , 35.24 , 59.13 
2-Oct-2024,2024,October,Week-1, 20.14 , 54.55 , 20.29 , 54.83 , 30.96 , 64.31 , 31.44 , 62.06 , 31.43 , 61.80 , 31.49 , 63.83 , 22.16 , 66.72 , 33.14 , 70.30 , 19.52 , 72.47 , 19.52 , 72.44 , 32.86 , 56.48 , 32.61 , 56.68 , 32.74 , 55.39 , 35.92 , 58.54 , 35.79 , 58.81 
3-Oct-2024,2024,October,Week-1, 20.70 , 54.18 , 20.63 , 63.67 , 31.18 , 64.35 , 31.25 , 65.61 , 31.26 , 64.90 , 31.50 , 64.19 , 22.21 , 66.06 , 33.82 , 67.18 , 19.51 , 72.10 , 19.51 , 72.13 , 33.02 , 56.19 , 32.83 , 56.10 , 32.77 , 55.81 , 36.18 , 57.74 , 36.08 , 58.06 
4-Oct-2024,2024,October,Week-1, 20.54 , 54.94 , 22.13 , 62.68 , 31.08 , 62.95 , 31.23 , 62.41 , 31.20 , 62.22 , 31.37 , 63.29 , 22.11 , 65.74 , 31.21 , 74.42 , 19.52 , 71.11 , 19.52 , 71.08 , 32.83 , 56.14 , 32.69 , 55.63 , 32.62 , 54.95 , 36.23 , 56.82 , 36.11 , 57.09 
5-Oct-2024,2024,October,Week-1, 22.14 , 57.30 , 22.26 , 61.54 , 31.09 , 63.28 , 31.34 , 61.97 , 31.31 , 61.67 , 31.46 , 62.75 , 22.16 , 66.18 , 31.45 , 74.31 , 19.52 , 71.88 , 19.51 , 71.95 , 32.84 , 56.42 , 32.69 , 55.99 , 32.64 , 55.28 , 36.09 , 57.69 , 36.00 , 57.82 
6-Oct-2024,2024,October,Week-1, 20.81 , 55.63 , 20.12 , 56.56 , 31.08 , 63.54 , 31.35 , 62.02 , 31.33 , 61.83 , 31.44 , 63.33 , 22.19 , 65.86 , 31.29 , 72.90 , 19.51 , 71.43 , 19.51 , 71.46 , 32.82 , 56.88 , 32.68 , 56.33 , 32.63 , 55.48 , 35.89 , 57.64 , 35.81 , 57.86 
7-Oct-2024,2024,October,Week-1, 20.65 , 56.90 , 20.91 , 65.72 , 31.08 , 61.61 , 31.36 , 60.07 , 31.32 , 60.53 , 31.43 , 62.07 , 22.22 , 65.90 , 30.67 , 73.32 , 19.53 , 71.60 , 19.53 , 71.56 , 32.80 , 54.09 , 32.69 , 53.87 , 32.65 , 53.40 , 31.12 , 60.01 , 31.01 , 60.76 
8-Oct-2024,2024,October,Week-2, 22.61 , 59.35 , 21.97 , 63.52 , 31.14 , 62.62 , 31.42 , 60.54 , 31.40 , 60.24 , 31.47 , 62.50 , 22.14 , 66.05 , 30.32 , 75.03 , 19.51 , 71.40 , 19.52 , 71.40 , 32.85 , 54.96 , 32.79 , 54.48 , 32.69 , 54.22 , 34.65 , 57.13 , 34.55 , 57.67 
9-Oct-2024,2024,October,Week-2, 24.43 , 57.15 , 21.06 , 64.88 , 31.06 , 62.53 , 31.32 , 61.25 , 31.28 , 61.05 , 31.40 , 62.26 , 22.07 , 67.07 , 30.86 , 73.56 , 19.51 , 72.83 , 19.51 , 72.80 , 32.70 , 55.84 , 32.43 , 56.33 , 32.52 , 54.91 , 35.53 , 57.42 , 35.40 , 57.82 
10-Oct-2024,2024,October,Week-2, 22.50 , 54.90 , 22.23 , 67.75 , 30.77 , 61.84 , 30.87 , 61.50 , 30.74 , 61.63 , 30.87 , 62.39 , 22.14 , 66.71 , 31.53 , 71.63 , 19.48 , 73.09 , 19.49 , 73.08 , 32.12 , 56.07 , 31.82 , 56.02 , 31.80 , 55.46 , 35.80 , 56.55 , 35.69 , 57.12 
11-Oct-2024,2024,October,Week-2, 20.77 , 55.22 , 21.83 , 62.81 , 30.74 , 66.15 , 31.15 , 63.81 , 31.11 , 63.49 , 31.18 , 65.45 , 22.11 , 67.65 , 32.24 , 67.46 , 19.50 , 74.32 , 19.49 , 74.36 , 32.57 , 58.60 , 32.29 , 58.78 , 32.25 , 57.88 , 36.42 , 55.81 , 36.24 , 56.61 
12-Oct-2024,2024,October,Week-2, 20.55 , 53.86 , 21.07 , 64.89 , 31.14 , 63.42 , 31.25 , 64.07 , 31.19 , 63.66 , 31.36 , 64.74 , 22.02 , 67.43 , 32.51 , 70.10 , 19.44 , 73.61 , 19.43 , 73.58 , 33.02 , 56.09 , 32.81 , 55.77 , 32.86 , 54.58 , 36.06 , 56.41 , 35.97 , 57.02 
13-Oct-2024,2024,October,Week-2, 22.47 , 60.09 , 21.09 , 65.28 , 31.08 , 64.37 , 31.17 , 64.67 , 31.12 , 64.39 , 31.30 , 65.19 , 21.93 , 67.95 , 32.13 , 70.32 , 19.44 , 74.07 , 19.44 , 74.08 , 32.87 , 57.05 , 32.68 , 56.79 , 32.57 , 56.85 , 35.82 , 58.15 , 35.71 , 58.53 
14-Oct-2024,2024,October,Week-2, 20.53 , 51.45 , 21.94 , 63.47 , 31.14 , 63.04 , 31.11 , 63.80 , 31.05 , 63.95 , 31.30 , 63.45 , 22.04 , 68.03 , 31.32 , 73.00 , 19.51 , 73.96 , 19.51 , 74.00 , 32.91 , 56.60 , 32.73 , 56.25 , 32.50 , 57.08 , 35.64 , 58.55 , 35.55 , 58.86 
15-Oct-2024,2024,October,Week-3, 20.59 , 54.15 , 21.53 , 62.58 , 31.30 , 62.02 , 31.15 , 64.44 , 31.10 , 63.96 , 31.29 , 64.15 , 22.15 , 67.12 , 31.75 , 73.18 , 19.49 , 73.28 , 19.49 , 73.31 , 32.94 , 55.87 , 32.69 , 55.97 , 32.76 , 54.64 , 35.72 , 56.48 , 35.58 , 57.14 
16-Oct-2024,2024,October,Week-3, 20.64 , 53.60 , 21.45 , 62.26 , 31.04 , 59.85 , 31.00 , 61.73 , 30.96 , 61.22 , 31.14 , 62.28 , 22.03 , 65.06 , 32.01 , 72.24 , 19.49 , 70.73 , 19.49 , 70.71 , 32.76 , 53.41 , 32.37 , 54.34 , 32.43 , 53.43 , 35.04 , 55.67 , 34.97 , 55.66 
17-Oct-2024,2024,October,Week-3, 20.55 , 52.60 , 19.78 , 59.81 , 31.15 , 60.45 , 31.46 , 58.63 , 31.41 , 58.49 , 31.53 , 60.20 , 22.12 , 65.48 , 32.39 , 70.54 , 19.49 , 71.41 , 19.50 , 71.41 , 32.93 , 52.52 , 32.66 , 52.93 , 32.69 , 52.33 , 30.69 , 61.07 , 30.64 , 61.34 
18-Oct-2024,2024,October,Week-3, 20.85 , 54.85 , 20.69 , 66.21 , 30.92 , 61.78 , 31.07 , 61.05 , 31.05 , 61.05 , 31.18 , 62.10 , 22.08 , 65.66 , 32.50 , 69.24 , 19.49 , 71.68 , 19.49 , 71.68 , 32.62 , 54.64 , 32.47 , 54.59 , 32.35 , 54.45 , 34.26 , 58.77 , 34.29 , 58.37 
19-Oct-2024,2024,October,Week-3, 20.62 , 54.78 , 21.80 , 63.76 , 30.85 , 62.02 , 30.95 , 62.29 , 30.95 , 61.92 , 31.16 , 61.67 , 22.07 , 65.81 , 31.90 , 70.33 , 19.50 , 71.86 , 19.51 , 71.81 , 32.57 , 54.83 , 32.43 , 54.56 , 32.23 , 54.79 , 34.91 , 57.47 , 34.85 , 57.65 
20-Oct-2024,2024,October,Week-3, 22.70 , 53.65 , 20.63 , 67.50 , 30.95 , 61.67 , 31.10 , 62.53 , 31.12 , 61.97 , 31.29 , 62.51 , 22.07 , 65.28 , 32.18 , 70.86 , 19.51 , 71.56 , 19.51 , 71.53 , 32.76 , 54.04 , 32.65 , 54.10 , 32.45 , 54.12 , 35.54 , 54.09 , 35.42 , 54.55 
21-Oct-2024,2024,October,Week-3, 22.39 , 53.68 , 20.65 , 65.16 , 31.01 , 60.86 , 31.16 , 61.08 , 31.16 , 60.45 , 31.30 , 61.30 , 22.10 , 65.48 , 32.62 , 71.00 , 19.50 , 71.70 , 19.50 , 71.70 , 32.76 , 54.18 , 32.58 , 53.97 , 32.51 , 53.46 , 35.60 , 54.57 , 35.49 , 55.02 
22-Oct-2024,2024,October,Week-4, 20.55 , 55.94 , 19.31 , 62.46 , 30.89 , 61.92 , 31.05 , 61.43 , 31.03 , 61.15 , 31.19 , 62.02 , 22.08 , 65.29 , 33.08 , 70.18 , 19.49 , 71.49 , 19.49 , 71.47 , 32.60 , 55.20 , 32.48 , 54.59 , 32.36 , 54.17 , 33.49 , 58.06 , 33.15 , 60.07 
23-Oct-2024,2024,October,Week-4, 20.14 , 54.55 , 21.31 , 70.24 , 29.16 , 64.01 , 28.91 , 64.29 , 28.56 , 65.21 , 28.70 , 67.03 , 22.09 , 65.86 , 32.89 , 68.45 , 19.48 , 72.15 , 19.49 , 72.19 , 29.75 , 60.40 , 29.29 , 60.97 , 29.40 , 59.48 , 35.06 , 59.81 , 34.68 , 61.37 
24-Oct-2024,2024,October,Week-4, 20.70 , 54.18 , 23.27 , 71.15 , 29.79 , 67.74 , 30.41 , 65.34 , 30.36 , 65.04 , 30.45 , 66.68 , 22.07 , 65.19 , 32.88 , 67.66 , 19.48 , 71.66 , 19.48 , 71.72 , 31.87 , 58.81 , 31.57 , 59.08 , 31.70 , 57.81 , 35.73 , 58.55 , 35.57 , 59.02 
25-Oct-2024,2024,October,Week-4, 20.54 , 54.94 , 22.06 , 66.88 , 30.51 , 64.68 , 30.84 , 63.83 , 30.81 , 63.13 , 30.93 , 64.59 , 21.98 , 66.58 , 33.07 , 70.34 , 19.49 , 72.94 , 19.49 , 72.94 , 32.52 , 56.41 , 32.22 , 56.69 , 32.26 , 55.80 , 36.11 , 55.62 , 35.93 , 56.41 
26-Oct-2024,2024,October,Week-4, 22.14 , 57.30 , 21.08 , 60.49 , 30.81 , 63.29 , 30.99 , 63.44 , 30.98 , 62.86 , 31.12 , 63.97 , 22.07 , 67.27 , 33.14 , 70.30 , 19.51 , 73.39 , 19.51 , 73.43 , 32.69 , 55.97 , 32.46 , 55.84 , 32.47 , 54.76 , 35.78 , 55.39 , 35.63 , 56.02 
27-Oct-2024,2024,October,Week-4, 20.81 , 55.63 , 20.57 , 57.75 , 30.99 , 64.71 , 31.28 , 63.93 , 31.27 , 63.68 , 31.40 , 64.38 , 22.11 , 67.10 , 33.82 , 67.18 , 19.50 , 73.94 , 19.50 , 73.97 , 32.84 , 57.25 , 32.67 , 57.12 , 32.59 , 56.63 , 36.14 , 56.78 , 35.98 , 57.25 
28-Oct-2024,2024,October,Week-4, 20.65 , 56.90 , 17.46 , 50.31 , 23.55 , 50.42 , 22.20 , 54.49 , 21.31 , 56.59 , 22.14 , 54.86 , 18.89 , 55.96 , 34.05 , 67.44 , 16.66 , 61.45 , 16.65 , 61.44 , 22.13 , 51.43 , 21.34 , 53.23 , 21.98 , 51.23 , 31.05 , 49.44 , 30.97 , 49.62 
29-Oct-2024,2024,October,Week-5, 22.61 , 59.35 , 22.00 , 61.62 , 28.29 , 63.55 , 28.29 , 64.44 , 28.12 , 65.07 , 28.43 , 63.65 , 21.00 , 63.04 , 34.14 , 67.46 , 17.87 , 69.90 , 17.87 , 69.94 , 29.62 , 55.88 , 29.15 , 57.68 , 28.89 , 58.66 , 32.70 , 56.01 , 32.61 , 56.40 
30-Oct-2024,2024,October,Week-5, 24.43 , 57.15 , 22.11 , 61.39 , 28.72 , 63.50 , 29.35 , 60.25 , 29.32 , 61.08 , 29.47 , 62.19 , 18.66 , 61.23 , 33.84 , 65.47 , 15.32 , 69.28 , 15.32 , 69.27 , 30.61 , 55.89 , 30.47 , 55.23 , 30.24 , 55.36 , 33.78 , 56.77 , 33.58 , 57.65 
31-Oct-2024,2024,October,Week-5, 22.50 , 54.90 , 22.19 , 60.76 , 29.45 , 63.09 , 30.22 , 58.34 , 30.21 , 58.93 , 30.28 , 61.20 , 18.54 , 62.29 , 33.31 , 68.51 , 15.32 , 70.17 , 15.31 , 70.13 , 31.34 , 55.73 , 31.26 , 55.02 , 31.17 , 54.33 , 33.95 , 58.36 , 33.88 , 58.59 
1-Nov-2024,2024,November,Week-1, 20.77 , 55.22 , 22.21 , 60.91 , 30.08 , 64.14 , 30.70 , 59.43 , 30.70 , 59.10 , 30.72 , 62.26 , 18.52 , 62.49 , 33.35 , 65.89 , 15.30 , 70.47 , 15.30 , 70.50 , 31.94 , 56.78 , 31.86 , 55.97 , 31.84 , 55.15 , 34.99 , 59.21 , 34.84 , 59.64 
2-Nov-2024,2024,November,Week-1, 20.55 , 53.86 , 21.57 , 61.02 , 30.51 , 61.72 , 30.79 , 60.37 , 30.83 , 59.61 , 30.97 , 60.84 , 18.48 , 62.77 , 33.09 , 68.19 , 15.32 , 70.46 , 15.31 , 70.48 , 32.26 , 54.24 , 32.23 , 53.48 , 32.17 , 52.74 , 29.71 , 64.06 , 29.47 , 65.08 
3-Nov-2024,2024,November,Week-1, 22.47 , 60.09 , 20.54 , 59.58 , 30.34 , 61.21 , 30.40 , 61.11 , 30.36 , 61.11 , 30.53 , 61.30 , 18.38 , 63.07 , 31.21 , 74.42 , 15.30 , 70.53 , 15.30 , 70.51 , 31.69 , 54.57 , 31.57 , 54.84 , 31.63 , 53.84 , 25.60 , 68.54 , 25.42 , 69.81 
4-Nov-2024,2024,November,Week-1, 20.53 , 51.45 , 21.95 , 62.81 , 29.16 , 64.53 , 29.21 , 63.00 , 29.02 , 64.01 , 29.16 , 64.66 , 19.60 , 70.42 , 31.45 , 74.31 , 17.59 , 74.98 , 17.59 , 74.94 , 30.11 , 58.99 , 29.96 , 59.36 , 29.96 , 59.03 , 23.60 , 70.80 , 23.42 , 72.48 
5-Nov-2024,2024,November,Week-1, 20.59 , 54.15 , 19.65 , 65.34 , 29.24 , 59.92 , 29.32 , 62.36 , 29.29 , 61.92 , 29.67 , 58.89 , 21.65 , 62.85 , 31.29 , 72.90 , 19.41 , 67.63 , 19.42 , 67.65 , 31.05 , 55.51 , 30.90 , 54.87 , 30.91 , 54.51 , 28.02 , 64.50 , 27.88 , 65.01 
6-Nov-2024,2024,November,Week-1, 20.64 , 53.60 , 20.15 , 61.54 , 27.47 , 64.13 , 26.54 , 68.59 , 25.89 , 70.17 , 26.69 , 66.73 , 21.40 , 64.39 , 30.67 , 73.32 , 19.50 , 68.99 , 19.50 , 69.03 , 27.34 , 61.87 , 27.00 , 62.46 , 26.99 , 62.79 , 31.76 , 63.48 , 31.67 , 63.84 
7-Nov-2024,2024,November,Week-1, 20.55 , 52.60 , 20.15 , 61.67 , 27.83 , 68.11 , 28.28 , 67.62 , 28.18 , 67.60 , 28.08 , 62.04 , 21.94 , 63.26 , 30.32 , 75.03 , 19.47 , 67.57 , 19.47 , 67.54 , 29.95 , 59.04 , 29.76 , 58.40 , 29.50 , 59.53 , 34.23 , 59.20 , 34.18 , 59.71 
8-Nov-2024,2024,November,Week-2, 20.85 , 54.85 , 20.21 , 60.48 , 27.69 , 63.52 , 27.48 , 65.18 , 27.42 , 65.62 , 27.33 , 62.50 , 22.12 , 62.72 , 30.86 , 73.56 , 19.46 , 66.78 , 19.46 , 66.75 , 28.28 , 58.51 , 27.74 , 60.82 , 28.10 , 58.89 , 32.18 , 60.89 , 31.99 , 61.68 
9-Nov-2024,2024,November,Week-2, 20.62 , 54.78 , 19.38 , 62.74 , 28.07 , 65.70 , 28.56 , 65.26 , 28.83 , 63.21 , 27.33 , 61.15 , 21.85 , 62.96 , 31.53 , 71.63 , 19.44 , 67.70 , 19.44 , 67.78 , 30.41 , 56.66 , 30.30 , 54.25 , 29.99 , 55.65 , 34.93 , 58.90 , 34.88 , 59.24 
10-Nov-2024,2024,November,Week-2, 22.70 , 53.65 , 20.46 , 69.06 , 29.64 , 61.46 , 30.11 , 60.56 , 30.35 , 58.85 , 30.45 , 63.60 , 22.00 , 62.39 , 32.24 , 67.46 , 19.45 , 67.41 , 19.45 , 67.40 , 31.88 , 53.89 , 31.74 , 53.09 , 31.58 , 53.15 , 35.59 , 58.39 , 35.44 , 58.87 
11-Nov-2024,2024,November,Week-2, 22.39 , 53.68 , 20.19 , 64.29 , 30.12 , 60.82 , 30.40 , 61.48 , 30.61 , 60.37 , 30.93 , 64.95 , 22.00 , 63.20 , 32.51 , 70.10 , 19.49 , 68.45 , 19.48 , 68.47 , 32.11 , 55.31 , 31.92 , 54.51 , 31.83 , 55.10 , 35.74 , 58.25 , 35.63 , 58.58 
12-Nov-2024,2024,November,Week-2, 20.55 , 55.94 , 19.42 , 67.86 , 30.06 , 57.27 , 30.08 , 59.76 , 30.30 , 58.12 , 31.12 , 68.81 , 22.07 , 63.95 , 32.13 , 70.32 , 19.47 , 68.69 , 19.47 , 68.67 , 31.84 , 53.42 , 31.71 , 52.51 , 31.55 , 53.29 , 31.93 , 61.15 , 31.81 , 62.50 
13-Nov-2024,2024,November,Week-2, 20.14 , 54.55 , 19.97 , 67.46 , 30.01 , 56.22 , 29.85 , 58.85 , 30.05 , 57.01 , 145.64 , 67.61 , 21.73 , 64.10 , 31.32 , 73.00 , 19.47 , 68.62 , 19.48 , 68.64 , 31.37 , 53.48 , 31.18 , 52.87 , 31.10 , 52.77 , 33.69 , 61.80 , 33.67 , 61.89 
14-Nov-2024,2024,November,Week-2, 20.33 , 55.54 , 20.98 , 64.65 , 29.29 , 56.55 , 29.39 , 57.89 , 29.39 , 58.54 , 272.36 , 66.44 , 21.96 , 62.15 , 31.75 , 73.18 , 19.46 , 66.10 , 19.46 , 66.11 , 30.95 , 53.28 , 30.62 , 53.27 , 30.80 , 51.12 , 35.11 , 59.07 , 34.99 , 59.42 
15-Nov-2024,2024,November,Week-3, 20.33 , 55.38 , 19.52 , 59.67 , 29.98 , 63.41 , 30.22 , 63.94 , 30.34 , 64.28 , 272.36 , 65.24 , 21.81 , 62.30 , 32.01 , 72.24 , 19.39 , 66.40 , 19.39 , 66.38 , 32.02 , 55.80 , 31.64 , 55.94 , 31.62 , 54.70 , 35.33 , 59.74 , 35.25 , 59.83 
16-Nov-2024,2024,November,Week-3, 20.59 , 57.52 , 18.22 , 60.63 , 30.67 , 64.77 , 30.96 , 64.53 , 31.13 , 64.22 , 272.36 , 63.09 , 22.01 , 61.80 , 32.39 , 70.54 , 19.40 , 66.25 , 19.39 , 66.22 , 32.81 , 56.17 , 32.53 , 56.13 , 32.47 , 55.70 , 35.85 , 59.04 , 35.66 , 59.48 
17-Nov-2024,2024,November,Week-3, 19.31 , 51.35 , 20.06 , 60.03 , 31.15 , 62.76 , 31.34 , 63.41 , 31.56 , 62.31 , 272.36 , 62.17 , 21.89 , 62.33 , 32.50 , 69.24 , 19.40 , 66.82 , 19.40 , 66.78 , 33.25 , 54.29 , 32.97 , 54.13 , 32.87 , 54.03 , 36.04 , 57.48 , 35.91 , 57.94 
18-Nov-2024,2024,November,Week-3, 20.72 , 46.25 , 19.70 , 60.11 , 31.14 , 56.40 , 31.00 , 59.08 , 31.03 , 59.19 , 272.36 , 62.13 , 22.08 , 62.29 , 31.90 , 70.33 , 19.47 , 66.80 , 19.47 , 66.80 , 32.54 , 53.31 , 32.44 , 52.25 , 32.33 , 52.30 , 36.21 , 57.47 , 36.00 , 58.01 
19-Nov-2024,2024,November,Week-3, 20.83 , 53.84 , 18.74 , 58.77 , 30.47 , 54.38 , 30.46 , 57.52 , 30.56 , 55.63 , 272.36 , 60.02 , 21.97 , 63.30 , 32.18 , 70.86 , 19.47 , 66.28 , 19.46 , 66.30 , 31.77 , 53.38 , 31.78 , 51.94 , 31.62 , 51.82 , 29.28 , 65.35 , 29.15 , 66.29 
20-Nov-2024,2024,November,Week-3, 20.89 , 52.12 , 18.29 , 58.50 , 28.30 , 53.82 , 27.43 , 59.36 , 27.10 , 59.16 , 125.67 , 61.56 , 22.06 , 62.21 , 32.62 , 71.00 , 19.28 , 66.67 , 19.27 , 66.71 , 28.38 , 55.55 , 28.00 , 55.57 , 28.06 , 54.94 , 30.14 , 62.66 , 30.11 , 63.35 
21-Nov-2024,2024,November,Week-3, 21.29 , 46.01 , 20.65 , 69.48 , 27.71 , 68.76 , 28.04 , 67.11 , 27.90 , 67.04 , 28.19 , 63.65 , 21.00 , 62.26 , 33.08 , 70.18 , 18.52 , 68.41 , 18.51 , 68.45 , 29.84 , 60.21 , 29.63 , 60.41 , 29.43 , 60.89 , 32.87 , 63.48 , 32.51 , 65.22 
22-Nov-2024,2024,November,Week-4, 19.59 , 51.82 , 21.08 , 62.55 , 28.41 , 69.06 , 28.87 , 65.97 , 28.72 , 65.99 , 28.86 , 62.19 , 18.66 , 63.30 , 32.89 , 68.45 , 18.44 , 68.90 , 18.44 , 68.94 , 30.20 , 61.21 , 29.92 , 61.84 , 29.85 , 61.89 , 33.04 , 62.05 , 32.57 , 64.00 
23-Nov-2024,2024,November,Week-4, 19.24 , 52.77 , 20.46 , 59.28 , 29.45 , 68.90 , 30.31 , 63.83 , 30.23 , 64.14 , 30.35 , 61.20 , 18.54 , 62.47 , 32.88 , 67.66 , 18.44 , 68.48 , 18.43 , 68.51 , 31.60 , 59.65 , 31.33 , 60.30 , 31.25 , 60.25 , 34.78 , 60.24 , 34.46 , 61.34 
24-Nov-2024,2024,November,Week-4, 20.98 , 50.96 , 20.53 , 66.10 , 30.22 , 68.37 , 30.79 , 65.39 , 30.71 , 65.43 , 30.91 , 62.26 , 18.52 , 62.79 , 33.07 , 70.34 , 18.44 , 68.64 , 18.44 , 68.65 , 32.35 , 58.90 , 32.03 , 59.71 , 31.90 , 59.77 , 35.07 , 59.22 , 34.84 , 59.91 
25-Nov-2024,2024,November,Week-4, 21.45 , 52.22 , 21.62 , 66.14 , 30.48 , 64.95 , 30.91 , 62.03 , 30.78 , 62.65 , 31.05 , 60.84 , 18.48 , 61.89 , 33.14 , 70.30 , 18.42 , 67.85 , 18.42 , 67.87 , 32.45 , 55.93 , 32.15 , 56.47 , 31.84 , 57.61 , 35.18 , 57.88 , 35.09 , 58.20 
26-Nov-2024,2024,November,Week-4, 20.48 , 56.35 , 20.38 , 59.63 , 30.74 , 63.90 , 31.24 , 60.72 , 31.15 , 61.00 , 31.35 , 61.30 , 18.38 , 61.68 , 33.82 , 67.18 , 18.40 , 67.04 , 18.40 , 67.02 , 32.66 , 55.37 , 32.41 , 55.66 , 32.30 , 55.70 , 36.05 , 57.30 , 35.85 , 57.86 
27-Nov-2024,2024,November,Week-4, 19.61 , 53.59 , 20.72 , 65.28 , 31.10 , 65.90 , 31.30 , 66.09 , 31.22 , 65.68 , 31.49 , 64.66 , 19.60 , 62.61 , 34.05 , 67.44 , 18.42 , 68.49 , 18.42 , 68.51 , 33.09 , 57.15 , 32.85 , 57.25 , 32.66 , 57.84 , 36.00 , 57.97 , 35.86 , 58.37 
28-Nov-2024,2024,November,Week-4, 19.47 , 52.88 , 20.72 , 57.20 , 30.86 , 66.26 , 30.90 , 66.98 , 30.79 , 67.08 , 31.18 , 65.24 , 19.14 , 62.93 , 34.14 , 67.46 , 18.43 , 68.37 , 18.43 , 68.33 , 32.72 , 57.79 , 32.48 , 58.42 , 32.17 , 59.60 , 35.40 , 58.08 , 35.25 , 58.46 
29-Nov-2024,2024,November,Week-5, 19.52 , 54.18 , 20.51 , 59.02 , 30.61 , 65.09 , 30.38 , 68.17 , 30.34 , 67.76 , 30.64 , 67.15 , 20.68 , 62.97 , 33.84 , 65.47 , 18.43 , 68.88 , 18.43 , 68.87 , 32.37 , 57.87 , 32.15 , 57.91 , 31.89 , 59.10 , 35.40 , 58.10 , 35.20 , 59.00 
30-Nov-2024,2024,November,Week-5, 19.28 , 52.30 , 20.50 , 59.14 , 30.58 , 67.13 , 30.60 , 69.84 , 30.55 , 69.47 , 30.84 , 68.22 , 21.98 , 62.55 , 33.31 , 68.51 , 18.41 , 68.00 , 18.41 , 67.98 , 32.47 , 59.35 , 32.26 , 59.45 , 32.02 , 60.69 , 35.40 , 58.10 , 35.20 , 59.00 
1-Dec-2024,2024,December,Week-1, 19.60 , 54.41 , 19.06 , 58.95 , 30.83 , 66.12 , 30.95 , 67.22 , 30.91 , 66.77 , 31.16 , 65.85 , 21.92 , 62.40 , 31.21 , 74.42 , 18.42 , 68.46 , 18.42 , 68.45 , 32.78 , 58.15 , 32.59 , 57.87 , 32.37 , 58.55 , 35.40 , 58.10 , 35.20 , 59.00 
2-Dec-2024,2024,December,Week-1, 19.86 , 57.81 , 20.47 , 67.35 , 30.72 , 65.51 , 30.69 , 67.61 , 30.64 , 67.26 , 30.89 , 63.52 , 22.14 , 62.71 , 31.45 , 74.31 , 18.41 , 68.32 , 18.41 , 68.32 , 32.50 , 58.86 , 32.30 , 58.91 , 32.13 , 59.09 , 35.16 , 58.43 , 34.94 , 59.19 
3-Dec-2024,2024,December,Week-1, 19.50 , 62.27 , 21.05 , 67.77 , 30.10 , 67.61 , 29.79 , 70.74 , 29.70 , 70.59 , 30.00 , 63.11 , 21.99 , 63.37 , 31.29 , 72.90 , 18.44 , 69.51 , 18.44 , 69.52 , 31.80 , 60.01 , 31.53 , 60.34 , 31.27 , 61.37 , 33.83 , 59.22 , 33.69 , 59.61 
4-Dec-2024,2024,December,Week-1, 20.53 , 51.45 , 21.42 , 70.70 , 29.53 , 69.38 , 29.24 , 71.62 , 29.13 , 71.58 , 29.53 , 63.83 , 22.16 , 64.44 , 30.67 , 73.32 , 18.43 , 69.81 , 18.43 , 69.80 , 31.24 , 61.55 , 30.94 , 61.90 , 30.71 , 62.76 , 33.06 , 61.53 , 32.95 , 61.85 
5-Dec-2024,2024,December,Week-1, 20.59 , 54.15 , 21.25 , 66.44 , 29.31 , 72.47 , 29.29 , 73.84 , 29.19 , 73.84 , 29.54 , 64.19 , 22.21 , 64.14 , 30.32 , 75.03 , 18.45 , 70.29 , 18.45 , 70.31 , 31.18 , 63.78 , 30.93 , 63.99 , 30.63 , 65.20 , 32.86 , 62.42 , 32.73 , 62.92 
6-Dec-2024,2024,December,Week-1, 20.64 , 53.60 , 20.49 , 68.41 , 29.01 , 68.85 , 28.90 , 71.66 , 28.79 , 71.72 , 29.16 , 63.29 , 22.11 , 63.84 , 30.86 , 73.56 , 18.42 , 69.10 , 18.43 , 69.14 , 30.69 , 61.22 , 30.26 , 62.52 , 30.24 , 62.49 , 33.10 , 62.66 , 33.03 , 62.81 
7-Dec-2024,2024,December,Week-1, 20.55 , 52.60 , 20.45 , 65.21 , 28.87 , 67.77 , 28.89 , 69.68 , 28.77 , 69.83 , 29.13 , 67.63 , 21.07 , 64.20 , 31.53 , 71.63 , 18.45 , 69.46 , 18.45 , 69.51 , 30.76 , 58.88 , 30.30 , 60.08 , 30.28 , 60.53 , 33.45 , 61.80 , 33.38 , 62.16 
8-Dec-2024,2024,December,Week-2, 20.85 , 54.85 , 20.27 , 60.98 , 29.04 , 69.36 , 29.26 , 70.00 , 29.19 , 70.15 , 29.47 , 68.94 , 20.84 , 63.73 , 32.24 , 67.46 , 18.42 , 68.72 , 18.42 , 68.74 , 30.97 , 61.41 , 30.67 , 61.66 , 30.61 , 61.49 , 34.02 , 62.14 , 33.91 , 62.47 
9-Dec-2024,2024,December,Week-2, 20.62 , 54.78 , 20.30 , 62.30 , 29.20 , 69.52 , 29.24 , 70.91 , 29.18 , 70.89 , 29.44 , 69.84 , 21.07 , 68.16 , 32.51 , 70.10 , 18.46 , 70.00 , 18.46 , 70.01 , 31.10 , 60.73 , 30.79 , 60.90 , 30.59 , 62.09 , 34.16 , 60.26 , 34.13 , 60.46 
10-Dec-2024,2024,December,Week-2, 22.70 , 53.65 , 20.40 , 69.74 , 28.87 , 71.48 , 28.74 , 73.57 , 28.64 , 73.66 , 28.99 , 62.04 , 21.94 , 67.62 , 32.13 , 70.32 , 18.42 , 70.21 , 18.43 , 70.16 , 30.70 , 63.57 , 30.36 , 63.95 , 30.24 , 64.56 , 33.29 , 62.35 , 33.17 , 62.63 
11-Dec-2024,2024,December,Week-2, 22.39 , 53.68 , 21.20 , 68.91 , 29.08 , 72.82 , 29.26 , 73.88 , 29.18 , 73.83 , 29.55 , 62.50 , 22.12 , 68.58 , 31.32 , 73.00 , 18.45 , 69.96 , 18.44 , 69.97 , 31.04 , 63.60 , 30.80 , 63.67 , 30.58 , 64.29 , 33.50 , 61.78 , 33.46 , 61.85 
12-Dec-2024,2024,December,Week-2, 20.55 , 55.94 , 21.74 , 65.65 , 29.43 , 69.17 , 29.69 , 69.60 , 29.62 , 69.68 , 29.95 , 61.15 , 21.85 , 68.76 , 31.75 , 73.18 , 18.42 , 68.71 , 18.42 , 68.73 , 31.35 , 60.49 , 31.15 , 60.57 , 31.00 , 60.63 , 33.44 , 59.14 , 33.34 , 59.30 
13-Dec-2024,2024,December,Week-2, 20.14 , 54.55 , 20.40 , 60.14 , 29.82 , 68.51 , 30.27 , 66.41 , 30.20 , 67.17 , 30.39 , 63.60 , 22.00 , 67.54 , 32.01 , 72.24 , 18.44 , 68.80 , 18.44 , 68.75 , 31.64 , 59.62 , 31.59 , 59.23 , 31.49 , 59.25 , 25.83 , 70.35 , 25.67 , 71.90 
14-Dec-2024,2024,December,Week-2, 20.70 , 54.18 , 19.50 , 64.76 , 30.09 , 68.03 , 30.47 , 65.98 , 30.43 , 65.74 , 30.57 , 64.95 , 22.00 , 66.77 , 32.39 , 70.54 , 18.42 , 68.82 , 18.42 , 68.80 , 31.88 , 59.54 , 31.73 , 59.57 , 31.68 , 59.40 , 33.10 , 62.11 , 32.82 , 62.93 
15-Dec-2024,2024,December,Week-3, 20.54 , 54.94 , 19.30 , 64.17 , 29.98 , 68.01 , 30.04 , 69.61 , 29.96 , 69.44 , 30.22 , 68.81 , 22.07 , 67.96 , 32.50 , 69.24 , 18.45 , 69.40 , 18.45 , 69.44 , 31.79 , 59.93 , 31.55 , 60.11 , 31.23 , 61.39 , 33.68 , 60.08 , 33.56 , 60.57 
16-Dec-2024,2024,December,Week-3, 22.14 , 57.30 , 19.50 , 66.54 , 28.45 , 65.73 , 27.88 , 69.03 , 27.56 , 69.63 , 27.95 , 67.61 , 21.73 , 67.50 , 31.90 , 70.33 , 18.43 , 68.78 , 18.43 , 68.75 , 29.04 , 61.93 , 28.70 , 62.03 , 28.69 , 62.55 , 30.71 , 64.25 , 30.57 , 65.84 
17-Dec-2024,2024,December,Week-3, 20.81 , 55.63 , 19.32 , 66.41 , 26.68 , 72.01 , 26.27 , 74.73 , 25.95 , 75.70 , 26.07 , 66.44 , 21.96 , 68.66 , 32.18 , 70.86 , 17.12 , 68.20 , 17.13 , 68.22 , 27.37 , 67.16 , 27.29 , 66.35 , 27.20 , 67.08 , 31.76 , 62.84 , 31.40 , 64.61 
18-Dec-2024,2024,December,Week-3, 20.65 , 56.90 , 20.53 , 70.34 , 27.51 , 71.29 , 28.12 , 68.64 , 28.07 , 68.29 , 28.19 , 65.24 , 21.81 , 67.87 , 32.62 , 71.00 , 16.41 , 67.67 , 16.41 , 67.71 , 29.54 , 63.34 , 29.28 , 63.29 , 29.14 , 63.08 , 33.23 , 61.62 , 32.89 , 62.78 
19-Dec-2024,2024,December,Week-3, 22.61 , 59.35 , 19.86 , 64.06 , 28.20 , 77.14 , 28.70 , 75.70 , 28.65 , 75.40 , 28.86 , 63.09 , 22.01 , 68.16 , 33.08 , 70.18 , 16.36 , 67.40 , 16.36 , 67.42 , 30.42 , 66.56 , 30.13 , 66.99 , 29.78 , 68.59 , 32.90 , 62.91 , 32.62 , 63.80 
20-Dec-2024,2024,December,Week-3, 24.43 , 57.15 , 19.30 , 63.72 , 28.93 , 73.83 , 29.17 , 75.18 , 29.12 , 74.60 , 29.38 , 62.17 , 21.89 , 67.67 , 32.89 , 68.45 , 16.37 , 67.26 , 16.37 , 67.28 , 31.07 , 63.76 , 30.84 , 63.67 , 30.55 , 64.70 , 33.52 , 60.73 , 33.38 , 61.20 
21-Dec-2024,2024,December,Week-3, 22.50 , 54.90 , 18.97 , 58.96 , 29.19 , 76.99 , 29.40 , 77.49 , 29.35 , 77.25 , 29.63 , 62.13 , 22.08 , 68.12 , 32.88 , 67.66 , 16.35 , 66.94 , 16.35 , 66.94 , 31.22 , 66.19 , 31.01 , 66.38 , 30.55 , 68.64 , 33.85 , 59.53 , 33.77 , 59.75 
22-Dec-2024,2024,December,Week-4, 20.77 , 55.22 , 18.73 , 62.28 , 29.16 , 70.14 , 29.26 , 71.35 , 29.19 , 71.18 , 29.47 , 60.02 , 21.97 , 67.53 , 33.07 , 70.34 , 16.37 , 67.42 , 16.38 , 67.48 , 31.03 , 61.40 , 30.80 , 61.35 , 30.61 , 62.07 , 30.89 , 63.30 , 30.67 , 65.45 
23-Dec-2024,2024,December,Week-4, 20.55 , 53.86 , 20.18 , 62.49 , 29.11 , 68.27 , 29.19 , 69.47 , 29.10 , 69.34 , 29.39 , 61.56 , 22.06 , 68.59 , 33.14 , 70.30 , 16.36 , 67.08 , 16.36 , 67.06 , 30.89 , 59.92 , 30.72 , 60.03 , 30.52 , 60.89 , 32.70 , 65.41 , 32.64 , 65.30 
24-Dec-2024,2024,December,Week-4, 22.47 , 60.09 , 20.28 , 63.03 , 28.91 , 69.28 , 28.84 , 72.69 , 28.75 , 72.58 , 29.09 , 63.65 , 21.00 , 68.13 , 33.82 , 67.18 , 16.39 , 68.06 , 16.39 , 68.06 , 30.73 , 62.01 , 30.50 , 62.12 , 30.28 , 63.02 , 33.33 , 62.59 , 33.34 , 62.32 
25-Dec-2024,2024,December,Week-4, 20.53 , 51.45 , 20.34 , 61.29 , 28.85 , 70.09 , 28.89 , 71.84 , 28.82 , 71.58 , 29.12 , 62.19 , 18.66 , 68.35 , 34.05 , 67.44 , 16.37 , 67.13 , 16.38 , 67.13 , 30.70 , 62.35 , 30.48 , 62.31 , 30.26 , 63.06 , 33.32 , 62.12 , 33.26 , 62.08 
26-Dec-2024,2024,December,Week-4, 20.59 , 54.15 , 19.41 , 63.24 , 28.99 , 70.16 , 29.16 , 71.27 , 29.10 , 71.21 , 29.36 , 61.20 , 18.54 , 67.65 , 34.14 , 67.46 , 16.35 , 67.47 , 16.36 , 67.45 , 30.89 , 62.51 , 30.71 , 62.15 , 30.50 , 62.89 , 33.94 , 60.85 , 33.85 , 60.87 
27-Dec-2024,2024,December,Week-4, 20.64 , 53.60 , 20.01 , 62.66 , 29.40 , 71.75 , 29.72 , 71.93 , 29.69 , 71.62 , 29.88 , 62.26 , 18.52 , 67.67 , 33.84 , 65.47 , 16.32 , 65.71 , 16.32 , 65.75 , 31.35 , 62.45 , 31.21 , 62.04 , 31.02 , 62.58 , 34.61 , 59.70 , 34.46 , 59.80 
28-Dec-2024,2024,December,Week-4, 20.55 , 52.60 , 20.49 , 60.82 , 29.78 , 71.11 , 30.07 , 71.29 , 30.03 , 70.97 , 30.20 , 60.84 , 18.48 , 67.61 , 33.31 , 68.51 , 16.33 , 66.57 , 16.34 , 66.59 , 31.72 , 61.82 , 31.58 , 61.55 , 31.46 , 61.51 , 35.05 , 58.05 , 34.89 , 58.30 
29-Dec-2024,2024,December,Week-5, 20.85 , 54.85 , 20.53 , 61.21 , 29.87 , 74.61 , 30.02 , 75.46 , 29.97 , 75.16 , 30.19 , 61.30 , 18.38 , 67.76 , 33.35 , 65.89 , 16.32 , 66.00 , 16.32 , 65.98 , 31.81 , 64.64 , 31.61 , 64.60 , 31.34 , 65.71 , 35.07 , 58.78 , 34.96 , 58.90 
30-Dec-2024,2024,December,Week-5, 20.62 , 54.78 , 20.40 , 61.59 , 29.76 , 69.14 , 29.85 , 70.77 , 29.79 , 70.59 , 30.03 , 64.66 , 19.60 , 67.53 , 33.09 , 68.19 , 16.32 , 66.59 , 16.32 , 66.55 , 31.57 , 61.34 , 31.36 , 61.33 , 31.17 , 61.50 , 34.75 , 58.12 , 34.58 , 58.41 
31-Dec-2024,2024,December,Week-5, 22.70 , 53.65 , 20.31 , 63.54 , 29.61 , 71.74 , 29.65 , 73.63 , 29.59 , 73.46 , 29.86 , 65.24 , 19.14 , 67.60 , 31.21 , 74.42 , 16.35 , 66.68 , 16.36 , 66.67 , 31.47 , 63.24 , 31.25 , 63.39 , 31.00 , 64.16 , 34.19 , 59.00 , 34.07 , 59.30 
1-Jan-2025,2025,January,Week-1, 22.39 , 53.68 , 20.34 , 63.74 , 29.50 , 70.89 , 29.52 , 73.44 , 29.45 , 73.36 , 29.71 , 67.15 , 20.68 , 67.23 , 31.45 , 74.31 , 16.37 , 67.43 , 16.37 , 67.37 , 31.33 , 62.54 , 31.12 , 62.57 , 30.76 , 63.94 , 34.32 , 59.22 , 34.23 , 59.46 
2-Jan-2025,2025,January,Week-1, 20.55 , 55.94 , 20.34 , 63.68 , 29.29 , 68.27 , 29.38 , 69.55 , 29.30 , 69.74 , 29.57 , 68.22 , 21.98 , 68.13 , 31.29 , 72.90 , 16.35 , 66.46 , 16.35 , 66.47 , 31.09 , 61.07 , 30.88 , 60.90 , 30.68 , 61.51 , 34.19 , 60.42 , 34.09 , 60.61 
3-Jan-2025,2025,January,Week-1, 20.53 , 51.45 , 18.35 , 59.72 , 29.65 , 69.84 , 29.77 , 71.10 , 29.70 , 71.16 , 29.96 , 62.04 , 21.94 , 68.23 , 30.67 , 73.32 , 16.35 , 66.30 , 16.34 , 66.26 , 31.61 , 60.21 , 31.45 , 60.07 , 31.26 , 61.00 , 34.78 , 58.55 , 34.68 , 58.67 
4-Jan-2025,2025,January,Week-1, 20.59 , 54.15 , 20.22 , 69.23 , 29.67 , 70.26 , 29.79 , 71.40 , 29.74 , 71.05 , 30.00 , 62.50 , 22.12 , 69.70 , 30.32 , 75.03 , 16.34 , 66.38 , 16.34 , 66.39 , 31.58 , 61.68 , 31.39 , 61.51 , 31.17 , 62.22 , 34.77 , 57.64 , 34.60 , 57.99 
5-Jan-2025,2025,January,Week-1, 20.64 , 53.60 , 19.27 , 63.51 , 29.66 , 67.87 , 29.82 , 68.71 , 29.74 , 68.76 , 30.00 , 61.15 , 21.85 , 68.86 , 30.86 , 73.56 , 16.33 , 66.50 , 16.34 , 66.46 , 31.52 , 60.14 , 31.33 , 60.10 , 31.07 , 61.30 , 34.79 , 57.80 , 34.67 , 58.12 
6-Jan-2025,2025,January,Week-1, 20.55 , 52.60 , 20.65 , 72.56 , 29.51 , 67.87 , 29.51 , 70.65 , 29.42 , 70.49 , 29.73 , 63.60 , 22.00 , 68.71 , 31.53 , 71.63 , 16.36 , 66.00 , 16.36 , 66.05 , 31.38 , 60.74 , 31.19 , 60.74 , 30.89 , 62.27 , 34.70 , 57.81 , 34.56 , 58.18 
7-Jan-2025,2025,January,Week-1, 20.85 , 54.85 , 21.88 , 70.58 , 29.52 , 72.17 , 29.59 , 74.58 , 29.52 , 74.30 , 29.80 , 64.95 , 22.00 , 67.98 , 32.24 , 67.46 , 17.69 , 70.14 , 17.69 , 70.12 , 31.45 , 63.75 , 31.24 , 63.71 , 30.84 , 65.22 , 34.70 , 58.17 , 34.54 , 58.59 
8-Jan-2025,2025,January,Week-2, 20.62 , 54.78 , 20.48 , 62.70 , 27.94 , 74.53 , 27.50 , 77.64 , 27.15 , 78.58 , 27.47 , 68.81 , 22.07 , 68.34 , 32.51 , 70.10 , 19.45 , 70.09 , 19.46 , 70.14 , 29.00 , 67.39 , 28.50 , 68.75 , 28.21 , 70.64 , 34.01 , 58.74 , 33.91 , 59.16 
9-Jan-2025,2025,January,Week-2, 22.70 , 53.65 , 20.24 , 64.75 , 28.13 , 75.92 , 28.30 , 76.66 , 28.20 , 76.79 , 28.46 , 67.61 , 21.73 , 67.62 , 32.13 , 70.32 , 19.46 , 71.50 , 19.46 , 71.47 , 30.21 , 65.20 , 29.78 , 66.72 , 29.73 , 66.81 , 33.90 , 60.59 , 33.78 , 61.03 
10-Jan-2025,2025,January,Week-2, 22.39 , 53.68 , 20.22 , 64.01 , 28.49 , 74.33 , 28.81 , 74.75 , 28.74 , 74.54 , 29.00 , 66.44 , 21.96 , 68.58 , 31.32 , 73.00 , 19.45 , 69.16 , 19.45 , 69.17 , 30.62 , 63.78 , 30.21 , 65.08 , 30.16 , 65.01 , 33.89 , 61.43 , 33.81 , 61.67 
11-Jan-2025,2025,January,Week-2, 20.55 , 55.94 , 21.07 , 73.69 , 29.20 , 74.27 , 29.32 , 75.41 , 29.29 , 74.87 , 29.51 , 65.24 , 21.81 , 68.76 , 31.75 , 73.18 , 19.46 , 71.22 , 19.46 , 71.24 , 31.27 , 64.23 , 30.96 , 64.75 , 30.89 , 64.75 , 34.16 , 59.89 , 34.01 , 60.30 
12-Jan-2025,2025,January,Week-2, 20.14 , 54.55 , 21.58 , 72.71 , 29.30 , 72.51 , 29.49 , 72.87 , 29.45 , 72.39 , 29.63 , 63.09 , 22.01 , 67.54 , 32.01 , 72.24 , 19.44 , 69.44 , 19.44 , 69.45 , 31.25 , 63.36 , 30.91 , 63.90 , 30.86 , 63.45 , 34.03 , 59.86 , 33.90 , 60.08 
13-Jan-2025,2025,January,Week-2, 20.70 , 54.18 , 21.38 , 73.46 , 29.48 , 73.38 , 29.68 , 74.40 , 29.64 , 74.01 , 29.84 , 62.17 , 21.89 , 66.77 , 32.39 , 70.54 , 19.47 , 70.92 , 19.46 , 70.91 , 31.47 , 64.06 , 31.18 , 64.38 , 31.04 , 64.39 , 34.04 , 60.17 , 33.92 , 60.57 
14-Jan-2025,2025,January,Week-2, 20.54 , 54.94 , 22.09 , 71.79 , 29.14 , 71.74 , 28.91 , 74.60 , 28.79 , 74.54 , 29.09 , 62.13 , 22.08 , 67.96 , 32.50 , 69.24 , 19.44 , 69.31 , 19.44 , 69.34 , 30.76 , 63.60 , 30.28 , 65.43 , 30.07 , 66.58 , 33.66 , 61.47 , 33.63 , 61.30 
15-Jan-2025,2025,January,Week-3, 22.14 , 57.30 , 19.88 , 63.59 , 28.14 , 73.23 , 27.87 , 74.94 , 27.68 , 75.61 , 28.03 , 60.02 , 21.97 , 67.50 , 31.90 , 70.33 , 19.67 , 71.63 , 19.66 , 71.63 , 29.60 , 65.30 , 29.07 , 67.19 , 28.91 , 68.72 , 32.81 , 61.24 , 32.79 , 61.44 
16-Jan-2025,2025,January,Week-3, 20.81 , 55.63 , 19.84 , 65.78 , 28.29 , 80.32 , 28.61 , 80.92 , 28.55 , 80.74 , 28.82 , 61.56 , 22.06 , 68.66 , 32.18 , 70.86 , 20.47 , 70.97 , 20.47 , 70.98 , 30.40 , 69.70 , 30.08 , 70.35 , 29.78 , 71.96 , 33.04 , 63.14 , 33.11 , 62.79 
17-Jan-2025,2025,January,Week-3, 20.65 , 56.90 , 19.41 , 66.94 , 28.83 , 79.69 , 29.12 , 80.15 , 29.08 , 79.80 , 29.34 , 63.65 , 21.00 , 67.87 , 32.62 , 71.00 , 20.52 , 73.10 , 20.53 , 73.09 , 30.90 , 69.21 , 30.59 , 69.64 , 30.13 , 71.66 , 33.38 , 62.16 , 33.32 , 62.52 
18-Jan-2025,2025,January,Week-3, 22.61 , 59.35 , 20.80 , 69.02 , 28.91 , 76.19 , 28.87 , 78.09 , 28.82 , 77.76 , 29.14 , 62.19 , 18.66 , 68.16 , 33.08 , 70.18 , 20.48 , 70.86 , 20.47 , 70.88 , 30.82 , 66.94 , 30.40 , 67.98 , 30.10 , 69.00 , 33.32 , 62.49 , 33.24 , 62.71 
19-Jan-2025,2025,January,Week-3, 24.43 , 57.15 , 19.28 , 63.89 , 28.89 , 77.33 , 28.95 , 78.68 , 28.91 , 78.29 , 29.34 , 61.20 , 18.54 , 67.67 , 32.89 , 68.45 , 20.52 , 72.57 , 20.52 , 72.53 , 30.96 , 67.04 , 30.53 , 67.97 , 30.18 , 69.54 , 33.24 , 62.37 , 33.13 , 62.84 
20-Jan-2025,2025,January,Week-3, 22.50 , 54.90 , 19.76 , 70.74 , 28.84 , 74.51 , 28.63 , 77.19 , 28.56 , 77.01 , 28.93 , 62.26 , 18.52 , 68.12 , 32.88 , 67.66 , 20.47 , 70.64 , 20.47 , 70.65 , 30.79 , 65.07 , 30.34 , 66.18 , 30.08 , 67.48 , 33.04 , 62.83 , 32.97 , 63.07 
21-Jan-2025,2025,January,Week-3, 20.77 , 55.22 , 19.86 , 68.46 , 28.50 , 77.15 , 28.45 , 78.37 , 28.36 , 78.40 , 28.80 , 60.84 , 18.48 , 67.53 , 31.21 , 74.42 , 20.52 , 72.63 , 20.53 , 72.69 , 30.50 , 66.73 , 30.07 , 67.84 , 29.75 , 69.50 , 32.73 , 63.02 , 32.68 , 63.25 
22-Jan-2025,2025,January,Week-4, 20.55 , 53.86 , 20.56 , 71.53 , 28.20 , 77.39 , 28.20 , 78.51 , 28.12 , 78.49 , 28.55 , 61.30 , 18.38 , 68.59 , 31.45 , 74.31 , 20.41 , 70.51 , 20.41 , 70.55 , 30.21 , 66.72 , 29.79 , 67.98 , 29.41 , 69.82 , 32.55 , 62.49 , 32.50 , 62.72 
23-Jan-2025,2025,January,Week-4, 22.47 , 60.09 , 20.93 , 64.23 , 28.48 , 78.60 , 28.70 , 79.04 , 28.62 , 78.88 , 28.98 , 64.66 , 19.60 , 68.13 , 31.29 , 72.90 , 20.53 , 72.65 , 20.53 , 72.60 , 30.59 , 67.23 , 30.22 , 67.97 , 29.95 , 69.18 , 33.10 , 62.33 , 33.07 , 62.59 
24-Jan-2025,2025,January,Week-4, 20.53 , 51.45 , 20.32 , 63.00 , 28.81 , 75.05 , 29.10 , 74.20 , 29.03 , 74.29 , 29.29 , 65.24 , 19.14 , 68.35 , 30.67 , 73.32 , 20.47 , 70.01 , 20.47 , 70.04 , 30.86 , 64.17 , 30.56 , 64.87 , 30.40 , 65.45 , 33.60 , 62.52 , 33.56 , 62.82 
25-Jan-2025,2025,January,Week-4, 20.59 , 54.15 , 20.28 , 63.49 , 29.02 , 74.08 , 29.28 , 74.12 , 29.22 , 74.23 , 29.48 , 67.15 , 20.68 , 67.65 , 30.32 , 75.03 , 20.52 , 72.13 , 20.51 , 72.10 , 31.02 , 64.01 , 30.76 , 64.29 , 30.55 , 64.89 , 33.97 , 62.05 , 33.89 , 62.41 
26-Jan-2025,2025,January,Week-4, 20.64 , 53.60 , 20.28 , 63.63 , 29.32 , 74.33 , 29.61 , 73.92 , 29.57 , 73.78 , 29.78 , 68.22 , 21.98 , 67.67 , 30.86 , 73.56 , 20.49 , 70.49 , 20.49 , 70.51 , 31.34 , 64.50 , 31.09 , 64.64 , 30.90 , 65.01 , 34.19 , 61.54 , 34.08 , 61.70 
27-Jan-2025,2025,January,Week-4, 20.55 , 52.60 , 18.53 , 61.86 , 29.49 , 73.51 , 29.54 , 75.17 , 29.48 , 74.85 , 29.74 , 65.85 , 21.92 , 67.61 , 31.53 , 71.63 , 20.52 , 72.22 , 20.53 , 72.19 , 31.44 , 63.97 , 31.18 , 64.30 , 30.84 , 65.44 , 34.05 , 59.88 , 33.88 , 60.37 
28-Jan-2025,2025,January,Week-4, 20.85 , 54.85 , 20.58 , 74.81 , 29.27 , 75.17 , 29.17 , 77.54 , 29.08 , 77.53 , 29.42 , 63.52 , 22.14 , 67.76 , 32.24 , 67.46 , 20.49 , 70.95 , 20.49 , 70.92 , 31.24 , 65.44 , 30.89 , 66.12 , 30.57 , 67.46 , 33.64 , 62.24 , 33.57 , 62.46 
29-Jan-2025,2025,January,Week-5, 20.62 , 54.78 , 20.36 , 68.29 , 28.83 , 76.50 , 28.63 , 78.77 , 28.54 , 78.67 , 28.93 , 63.11 , 21.99 , 67.53 , 32.51 , 70.10 , 20.52 , 72.71 , 20.52 , 72.68 , 30.78 , 66.46 , 30.45 , 67.11 , 29.76 , 69.89 , 33.14 , 61.44 , 33.10 , 61.70 
30-Jan-2025,2025,January,Week-5, 22.70 , 53.65 , 20.06 , 69.02 , 28.41 , 75.87 , 28.32 , 77.72 , 28.25 , 77.49 , 28.66 , 63.83 , 22.16 , 67.60 , 32.13 , 70.32 , 20.49 , 70.43 , 20.49 , 70.65 , 30.39 , 65.49 , 30.03 , 66.23 , 29.46 , 68.57 , 32.76 , 61.41 , 32.70 , 61.62 
31-Jan-2025,2025,January,Week-5, 22.39 , 53.68 , 21.09 , 67.54 , 28.59 , 75.28 , 28.85 , 74.96 , 28.80 , 74.80 , 29.11 , 64.19 , 22.21 , 67.23 , 31.32 , 73.00 , 20.52 , 72.02 , 20.53 , 72.01 , 30.67 , 64.79 , 30.35 , 65.14 , 30.01 , 66.42 , 33.17 , 61.08 , 33.06 , 61.46 
1-Feb-2025,2025,February,Week-1, 20.55 , 55.94 , 21.12 , 66.46 , 28.98 , 74.30 , 29.20 , 73.92 , 29.13 , 73.99 , 29.40 , 63.29 , 22.11 , 68.13 , 31.75 , 73.18 , 20.50 , 70.73 , 20.50 , 70.75 , 31.03 , 63.87 , 30.77 , 64.03 , 30.56 , 64.67 , 33.40 , 62.30 , 33.26 , 62.73 
2-Feb-2025,2025,February,Week-1, 20.53 , 51.45 , 20.19 , 61.66 , 29.18 , 74.71 , 29.45 , 73.86 , 29.37 , 74.07 , 29.63 , 73.26 , 20.96 , 68.23 , 32.01 , 72.24 , 20.51 , 72.33 , 20.51 , 72.36 , 31.19 , 64.39 , 30.93 , 64.58 , 30.80 , 64.60 , 33.61 , 63.29 , 33.47 , 63.68 
3-Feb-2025,2025,February,Week-1, 20.59 , 54.15 , 20.49 , 62.29 , 29.36 , 74.91 , 29.62 , 75.34 , 29.56 , 75.17 , 29.82 , 74.25 , 20.96 , 69.70 , 32.39 , 70.54 , 20.49 , 70.73 , 20.49 , 70.72 , 31.39 , 64.89 , 31.14 , 65.15 , 30.93 , 65.63 , 33.72 , 63.27 , 33.61 , 63.49 
4-Feb-2025,2025,February,Week-1, 20.64 , 53.60 , 19.63 , 66.51 , 29.43 , 77.17 , 29.59 , 77.92 , 29.52 , 77.73 , 29.82 , 62.04 , 21.94 , 68.86 , 32.50 , 69.24 , 20.51 , 72.32 , 20.51 , 72.32 , 31.47 , 66.50 , 31.19 , 66.94 , 30.82 , 68.32 , 34.05 , 61.27 , 33.95 , 61.61 
5-Feb-2025,2025,February,Week-1, 20.55 , 52.60 , 20.29 , 65.83 , 29.34 , 75.47 , 29.41 , 77.20 , 29.36 , 76.94 , 29.66 , 62.50 , 22.12 , 68.71 , 31.90 , 70.33 , 20.50 , 70.83 , 20.49 , 70.89 , 31.36 , 65.48 , 31.04 , 66.16 , 30.66 , 67.66 , 34.03 , 61.05 , 33.90 , 61.41 
6-Feb-2025,2025,February,Week-1, 20.85 , 54.85 , 20.29 , 63.50 , 29.55 , 73.39 , 29.60 , 74.68 , 29.54 , 74.43 , 29.84 , 61.15 , 21.85 , 67.98 , 32.18 , 70.86 , 20.52 , 72.10 , 20.51 , 72.06 , 31.56 , 63.40 , 31.33 , 63.55 , 30.79 , 65.49 , 34.11 , 59.62 , 33.96 , 60.55 
7-Feb-2025,2025,February,Week-1, 20.62 , 54.78 , 19.09 , 59.26 , 29.33 , 74.34 , 29.25 , 75.81 , 29.19 , 75.60 , 29.51 , 63.60 , 22.00 , 68.34 , 32.62 , 71.00 , 20.49 , 70.71 , 20.49 , 70.67 , 31.29 , 64.02 , 30.96 , 64.51 , 30.58 , 66.15 , 33.75 , 60.48 , 33.73 , 60.83 
8-Feb-2025,2025,February,Week-2, 22.70 , 53.65 , 20.54 , 71.03 , 29.20 , 72.04 , 29.25 , 73.39 , 29.22 , 72.99 , 29.49 , 64.95 , 22.00 , 67.62 , 31.21 , 74.42 , 20.52 , 72.23 , 20.51 , 72.18 , 31.11 , 62.73 , 30.82 , 63.15 , 30.55 , 64.02 , 33.49 , 61.52 , 33.43 , 61.73 
9-Feb-2025,2025,February,Week-2, 22.39 , 53.68 , 20.84 , 74.17 , 29.16 , 76.05 , 29.24 , 77.25 , 29.20 , 76.86 , 29.49 , 68.81 , 22.07 , 68.58 , 31.45 , 74.31 , 20.50 , 71.21 , 20.50 , 71.23 , 31.17 , 65.52 , 30.88 , 65.95 , 30.39 , 68.18 , 33.60 , 61.14 , 33.54 , 61.49 
10-Feb-2025,2025,February,Week-2, 20.55 , 55.94 , 20.54 , 62.18 , 29.20 , 75.58 , 29.25 , 76.77 , 29.22 , 76.29 , 29.51 , 67.61 , 21.73 , 68.76 , 31.29 , 72.90 , 20.51 , 72.49 , 20.51 , 72.50 , 31.20 , 65.27 , 30.91 , 65.56 , 30.46 , 67.32 , 33.72 , 61.77 , 33.64 , 62.13 
11-Feb-2025,2025,February,Week-2, 20.14 , 54.55 , 19.39 , 60.74 , 29.04 , 74.84 , 29.00 , 76.19 , 28.92 , 76.04 , 29.28 , 66.44 , 21.96 , 67.54 , 30.67 , 73.32 , 20.50 , 71.08 , 20.50 , 71.05 , 31.05 , 64.13 , 30.71 , 65.00 , 30.34 , 66.86 , 33.48 , 61.89 , 33.42 , 62.15 
12-Feb-2025,2025,February,Week-2, 20.70 , 54.18 , 18.92 , 64.79 , 29.28 , 75.62 , 29.47 , 74.45 , 29.43 , 74.50 , 29.71 , 65.24 , 21.81 , 66.77 , 30.32 , 75.03 , 20.52 , 71.93 , 20.51 , 71.93 , 31.36 , 64.79 , 31.05 , 65.10 , 30.87 , 65.68 , 33.96 , 63.16 , 33.86 , 63.44 
13-Feb-2025,2025,February,Week-2, 20.54 , 54.94 , 18.50 , 60.16 , 29.66 , 72.50 , 29.95 , 72.10 , 29.93 , 72.03 , 30.14 , 63.09 , 22.01 , 67.96 , 30.86 , 73.56 , 20.48 , 70.21 , 20.48 , 70.20 , 31.74 , 62.41 , 31.51 , 62.51 , 31.31 , 63.19 , 34.48 , 61.67 , 34.35 , 62.16 
14-Feb-2025,2025,February,Week-2, 22.14 , 57.30 , 19.44 , 69.37 , 30.06 , 71.59 , 30.28 , 71.79 , 30.26 , 71.32 , 30.46 , 62.17 , 21.89 , 67.50 , 31.53 , 71.63 , 20.51 , 71.24 , 20.51 , 71.26 , 32.07 , 61.98 , 31.87 , 61.96 , 31.69 , 62.37 , 34.98 , 59.36 , 34.81 , 59.86 
15-Feb-2025,2025,February,Week-3, 20.81 , 55.63 , 19.87 , 60.93 , 30.14 , 72.32 , 30.43 , 71.85 , 30.41 , 71.84 , 30.59 , 62.13 , 22.08 , 68.66 , 32.24 , 67.46 , 20.48 , 70.03 , 20.49 , 70.04 , 32.10 , 62.93 , 31.86 , 63.01 , 31.70 , 63.34 , 35.10 , 60.00 , 34.95 , 60.34 
16-Feb-2025,2025,February,Week-3, 20.65 , 56.90 , 19.29 , 59.49 , 30.17 , 72.90 , 30.29 , 73.56 , 30.24 , 73.52 , 30.47 , 60.02 , 21.97 , 67.87 , 32.51 , 70.10 , 20.49 , 70.90 , 20.50 , 70.89 , 32.12 , 62.62 , 31.87 , 62.87 , 31.68 , 63.74 , 35.37 , 60.15 , 35.21 , 60.59 
17-Feb-2025,2025,February,Week-3, 22.61 , 59.35 , 16.90 , 64.73 , 28.72 , 69.49 , 27.95 , 72.67 , 27.53 , 73.56 , 27.99 , 61.56 , 22.06 , 68.16 , 32.13 , 70.32 , 20.48 , 70.01 , 20.48 , 70.00 , 29.06 , 64.00 , 28.57 , 65.04 , 28.64 , 65.29 , 34.59 , 59.45 , 34.53 , 59.38 
18-Feb-2025,2025,February,Week-3, 24.43 , 57.15 , 17.18 , 68.72 , 25.12 , 70.49 , 23.80 , 76.85 , 23.36 , 78.38 , 23.59 , 63.65 , 21.00 , 67.67 , 31.32 , 73.00 , 20.49 , 70.04 , 20.48 , 70.06 , 25.52 , 65.76 , 24.97 , 66.84 , 25.19 , 67.41 , 34.37 , 55.02 , 34.35 , 55.44 
20-Feb-2025,2025,February,Week-3, 22.50 , 54.90 , 17.71 , 64.46 , 28.13 , 76.34 , 28.53 , 75.92 , 28.56 , 74.92 , 28.94 , 62.19 , 18.66 , 68.12 , 31.75 , 73.18 , 20.41 , 72.20 , 20.41 , 72.22 , 30.36 , 64.50 , 30.08 , 64.91 , 29.75 , 66.64 , 33.42 , 60.41 , 33.32 , 60.82 
21-Feb-2025,2025,February,Week-3, 20.77 , 55.22 , 19.73 , 70.71 , 28.72 , 77.51 , 28.97 , 78.32 , 29.00 , 77.57 , 29.46 , 61.20 , 18.54 , 67.53 , 32.01 , 72.24 , 20.50 , 71.76 , 20.49 , 71.79 , 30.90 , 66.12 , 30.65 , 66.41 , 30.35 , 67.80 , 33.73 , 61.91 , 33.66 , 62.25 
22-Feb-2025,2025,February,Week-4, 20.55 , 53.86 , 19.35 , 65.06 , 28.89 , 75.69 , 28.87 , 77.14 , 28.85 , 76.55 , 29.18 , 62.26 , 18.52 , 68.59 , 32.39 , 70.54 , 20.50 , 72.13 , 20.50 , 72.12 , 30.73 , 65.89 , 30.50 , 65.93 , 30.18 , 67.47 , 33.60 , 61.61 , 33.56 , 61.87 
23-Feb-2025,2025,February,Week-4, 22.47 , 60.09 , 19.76 , 70.66 , 28.70 , 76.79 , 28.77 , 78.05 , 28.71 , 77.92 , 28.98 , 60.84 , 18.48 , 68.13 , 32.50 , 69.24 , 20.50 , 71.40 , 20.50 , 71.43 , 30.62 , 66.48 , 30.39 , 66.51 , 30.08 , 67.96 , 33.64 , 61.65 , 33.60 , 61.87 
24-Feb-2025,2025,February,Week-4, 20.53 , 51.45 , 21.26 , 67.25 , 28.65 , 73.64 , 28.95 , 72.49 , 28.91 , 72.62 , 29.17 , 61.30 , 18.38 , 68.35 , 31.90 , 70.33 , 20.44 , 71.31 , 20.44 , 71.32 , 30.54 , 63.76 , 30.34 , 63.57 , 30.11 , 64.40 , 33.97 , 60.48 , 33.87 , 60.90 
25-Feb-2025,2025,February,Week-4, 20.59 , 54.15 , 21.41 , 66.97 , 27.98 , 69.44 , 27.78 , 70.68 , 27.46 , 71.58 , 27.93 , 64.66 , 19.60 , 67.65 , 32.18 , 70.86 , 20.50 , 70.64 , 20.50 , 70.65 , 29.16 , 61.85 , 28.82 , 62.32 , 28.68 , 63.24 , 34.64 , 58.99 , 34.53 , 59.59 
26-Feb-2025,2025,February,Week-4, 20.64 , 53.60 , 21.37 , 66.59 , 28.20 , 74.49 , 28.46 , 74.89 , 28.36 , 74.51 , 28.64 , 65.24 , 19.14 , 67.67 , 32.62 , 71.00 , 20.51 , 71.34 , 20.51 , 71.28 , 30.39 , 63.31 , 30.07 , 63.89 , 29.72 , 65.58 , 34.61 , 59.12 , 34.49 , 59.59 
27-Feb-2025,2025,February,Week-4, 20.55 , 52.60 , 20.39 , 63.09 , 28.95 , 72.41 , 29.58 , 69.41 , 29.49 , 69.44 , 29.68 , 67.15 , 20.68 , 67.61 , 33.08 , 70.18 , 20.49 , 70.84 , 20.49 , 70.81 , 31.12 , 62.18 , 30.84 , 62.30 , 30.60 , 63.19 , 34.67 , 59.73 , 34.53 , 60.23 
28-Feb-2025,2025,February,Week-4, 20.85 , 54.85 , 19.90 , 65.34 , 29.40 , 72.41 , 30.00 , 68.96 , 29.94 , 69.12 , 30.10 , 68.22 , 21.98 , 67.76 , 32.89 , 68.45 , 20.50 , 71.25 , 20.51 , 71.25 , 31.57 , 62.17 , 31.25 , 62.62 , 30.98 , 63.33 , 34.23 , 60.77 , 34.08 , 61.28 
1-Mar-2025,2025,March,Week-1, 20.62 , 54.78 , 19.78 , 64.30 , 29.83 , 70.11 , 30.42 , 66.31 , 30.36 , 66.63 , 30.50 , 65.85 , 21.92 , 67.53 , 32.88 , 67.66 , 20.49 , 70.51 , 20.49 , 70.49 , 31.89 , 60.34 , 31.61 , 60.52 , 31.33 , 61.54 , 34.01 , 60.83 , 33.85 , 61.36 
2-Mar-2025,2025,March,Week-1, 20.53 , 51.45 , 19.86 , 61.14 , 30.25 , 69.12 , 30.82 , 65.32 , 30.78 , 65.06 , 30.92 , 63.52 , 22.14 , 67.60 , 31.21 , 74.42 , 20.50 , 70.54 , 20.50 , 70.57 , 32.25 , 59.94 , 31.99 , 59.92 , 31.83 , 60.15 , 34.97 , 60.32 , 34.78 , 60.82 
3-Mar-2025,2025,March,Week-1, 20.59 , 54.15 , 18.85 , 60.02 , 30.13 , 68.03 , 30.21 , 67.96 , 30.07 , 68.23 , 30.36 , 63.11 , 21.99 , 67.23 , 31.45 , 74.31 , 20.49 , 69.94 , 20.49 , 69.94 , 31.77 , 59.88 , 31.48 , 60.20 , 31.21 , 61.71 , 35.28 , 59.59 , 35.15 , 60.05 
4-Mar-2025,2025,March,Week-1, 20.64 , 53.60 , 19.22 , 63.06 , 29.87 , 69.11 , 30.01 , 68.76 , 29.94 , 68.70 , 30.23 , 63.83 , 22.16 , 68.13 , 31.29 , 72.90 , 20.51 , 71.22 , 20.52 , 71.17 , 31.76 , 60.38 , 31.47 , 60.55 , 31.09 , 62.07 , 35.41 , 59.01 , 35.26 , 59.51 
5-Mar-2025,2025,March,Week-1, 20.55 , 52.60 , 20.28 , 59.84 , 29.82 , 68.56 , 30.05 , 67.70 , 29.99 , 67.89 , 30.23 , 64.19 , 22.21 , 68.23 , 30.67 , 73.32 , 20.50 , 70.49 , 20.50 , 70.46 , 31.74 , 60.05 , 31.45 , 60.04 , 31.23 , 60.59 , 35.40 , 58.52 , 35.28 , 58.94 
6-Mar-2025,2025,March,Week-1, 20.85 , 54.85 , 20.37 , 59.42 , 30.30 , 69.64 , 30.73 , 66.78 , 30.71 , 67.29 , 30.81 , 63.29 , 22.11 , 69.70 , 30.32 , 75.03 , 20.50 , 70.61 , 20.49 , 70.62 , 32.30 , 60.85 , 32.04 , 60.97 , 31.88 , 60.93 , 35.54 , 59.20 , 35.40 , 59.62 
7-Mar-2025,2025,March,Week-1, 20.62 , 54.78 , 21.02 , 62.81 , 30.34 , 70.03 , 30.74 , 67.55 , 30.72 , 68.02 , 30.84 , 62.04 , 21.94 , 68.86 , 30.86 , 73.56 , 20.50 , 70.71 , 20.50 , 70.73 , 32.28 , 60.99 , 31.96 , 61.47 , 31.80 , 61.84 , 35.10 , 58.70 , 34.92 , 59.13 
8-Mar-2025,2025,March,Week-2, 22.70 , 53.65 , 19.89 , 62.56 , 30.43 , 68.60 , 30.93 , 65.70 , 30.92 , 65.85 , 31.04 , 62.50 , 22.12 , 68.71 , 31.53 , 71.63 , 20.50 , 70.19 , 20.51 , 70.22 , 32.34 , 59.68 , 32.07 , 59.91 , 31.91 , 59.86 , 34.93 , 59.66 , 34.84 , 60.05 
9-Mar-2025,2025,March,Week-2, 22.39 , 53.68 , 20.25 , 63.97 , 30.31 , 68.09 , 30.57 , 66.99 , 30.52 , 67.48 , 30.69 , 61.15 , 21.85 , 67.98 , 32.24 , 67.46 , 20.50 , 70.29 , 20.50 , 70.29 , 32.15 , 59.41 , 31.90 , 59.76 , 31.52 , 61.29 , 35.14 , 58.18 , 34.99 , 58.76 
10-Mar-2025,2025,March,Week-2, 20.55 , 55.94 , 19.57 , 60.72 , 30.19 , 66.84 , 30.24 , 68.22 , 30.17 , 68.18 , 30.46 , 63.60 , 22.00 , 68.34 , 32.51 , 70.10 , 20.52 , 70.16 , 20.52 , 70.12 , 32.03 , 58.69 , 31.75 , 58.78 , 31.57 , 59.23 , 34.90 , 59.34 , 34.78 , 59.76 
11-Mar-2025,2025,March,Week-2, 20.14 , 54.55 , 19.75 , 64.43 , 29.83 , 66.93 , 29.89 , 68.19 , 29.77 , 68.56 , 30.14 , 64.95 , 22.00 , 67.62 , 32.13 , 70.32 , 20.50 , 70.48 , 20.50 , 70.45 , 31.49 , 59.61 , 31.05 , 60.60 , 30.96 , 61.43 , 35.55 , 58.36 , 35.39 , 58.91 
12-Mar-2025,2025,March,Week-2, 20.70 , 54.18 , 18.88 , 59.71 , 30.07 , 72.38 , 30.38 , 71.70 , 30.35 , 71.70 , 30.57 , 68.81 , 22.07 , 68.58 , 31.32 , 73.00 , 20.49 , 70.55 , 20.49 , 70.56 , 32.09 , 62.07 , 31.65 , 63.28 , 31.62 , 63.23 , 35.82 , 58.19 , 35.67 , 58.56 
13-Mar-2025,2025,March,Week-2, 20.54 , 54.94 , 17.99 , 63.60 , 30.11 , 72.35 , 30.10 , 74.43 , 30.11 , 73.58 , 30.33 , 67.61 , 21.73 , 68.76 , 31.75 , 73.18 , 20.50 , 71.02 , 20.50 , 71.00 , 32.02 , 62.96 , 31.67 , 63.61 , 31.55 , 63.67 , 35.84 , 58.66 , 35.76 , 58.92 
14-Mar-2025,2025,March,Week-2, 22.14 , 57.30 , 18.23 , 65.35 , 29.99 , 70.25 , 30.22 , 70.27 , 30.20 , 70.20 , 30.41 , 66.44 , 21.96 , 67.54 , 32.01 , 72.24 , 20.49 , 70.59 , 20.49 , 70.58 , 31.92 , 61.68 , 31.58 , 62.08 , 31.36 , 62.85 , 35.76 , 57.31 , 35.52 , 57.91 
15-Mar-2025,2025,March,Week-3, 20.81 , 55.63 , 18.18 , 66.07 , 28.72 , 70.43 , 28.42 , 72.57 , 28.06 , 73.44 , 28.45 , 65.24 , 21.81 , 66.77 , 32.39 , 70.54 , 20.47 , 71.71 , 20.47 , 71.70 , 29.62 , 64.57 , 29.05 , 66.17 , 29.22 , 65.67 , 33.41 , 59.22 , 33.35 , 59.58 
16-Mar-2025,2025,March,Week-3, 20.65 , 56.90 , 19.73 , 66.44 , 27.82 , 74.22 , 27.79 , 75.24 , 27.49 , 76.35 , 27.88 , 63.09 , 22.01 , 67.96 , 32.50 , 69.24 , 20.55 , 72.57 , 20.55 , 72.54 , 29.17 , 66.98 , 28.93 , 67.15 , 28.65 , 68.90 , 32.35 , 62.43 , 32.26 , 62.76 
17-Mar-2025,2025,March,Week-3, 22.61 , 59.35 , 18.92 , 62.24 , 28.44 , 77.82 , 29.03 , 75.19 , 28.96 , 75.51 , 29.16 , 62.17 , 21.89 , 67.50 , 31.90 , 70.33 , 20.50 , 71.90 , 20.50 , 71.91 , 30.50 , 66.99 , 30.31 , 67.04 , 30.09 , 68.10 , 33.71 , 62.66 , 33.60 , 63.23 
18-Mar-2025,2025,March,Week-3, 24.43 , 57.15 , 19.85 , 66.15 , 28.72 , 74.26 , 29.05 , 73.79 , 29.00 , 73.98 , 29.27 , 62.13 , 22.08 , 68.66 , 32.18 , 70.86 , 20.51 , 71.08 , 20.50 , 71.10 , 30.64 , 64.74 , 30.31 , 65.34 , 30.13 , 65.88 , 33.16 , 61.94 , 33.17 , 61.75 
19-Mar-2025,2025,March,Week-3, 22.50 , 54.90 , 19.62 , 63.57 , 28.86 , 73.35 , 29.05 , 73.60 , 29.01 , 73.13 , 29.34 , 60.02 , 21.97 , 67.87 , 32.62 , 71.00 , 20.52 , 71.66 , 20.52 , 71.62 , 30.78 , 63.64 , 30.42 , 64.63 , 30.20 , 65.46 , 33.84 , 59.98 , 33.83 , 60.05 
20-Mar-2025,2025,March,Week-3, 20.77 , 55.22 , 20.60 , 59.09 , 29.05 , 76.45 , 29.41 , 75.96 , 29.36 , 76.00 , 29.64 , 61.56 , 22.06 , 68.16 , 33.08 , 70.18 , 20.51 , 71.89 , 20.51 , 71.91 , 31.03 , 66.05 , 30.74 , 66.57 , 30.37 , 68.28 , 30.62 , 63.37 , 30.49 , 64.19 
21-Mar-2025,2025,March,Week-3, 20.55 , 53.86 , 20.13 , 58.31 , 29.35 , 74.53 , 29.74 , 74.24 , 29.70 , 73.83 , 29.98 , 63.65 , 21.00 , 67.67 , 32.89 , 68.45 , 20.50 , 71.61 , 20.50 , 71.60 , 31.38 , 64.19 , 31.08 , 64.65 , 30.67 , 66.40 , 33.12 , 61.56 , 33.17 , 61.49 
22-Mar-2025,2025,March,Week-4, 22.47 , 60.09 , 20.00 , 58.03 , 29.64 , 75.98 , 29.98 , 75.50 , 29.97 , 74.70 , 30.22 , 62.19 , 18.66 , 68.12 , 32.88 , 67.66 , 20.50 , 71.49 , 20.50 , 71.52 , 31.69 , 65.42 , 31.38 , 65.99 , 31.18 , 66.87 , 34.36 , 60.96 , 34.29 , 61.23 
23-Mar-2025,2025,March,Week-4, 20.53 , 51.45 , 19.95 , 59.27 , 29.54 , 77.30 , 29.55 , 78.52 , 29.48 , 78.25 , 29.81 , 61.20 , 18.54 , 67.53 , 33.07 , 70.34 , 20.50 , 72.02 , 20.50 , 72.01 , 31.52 , 66.51 , 31.18 , 67.33 , 30.88 , 69.03 , 33.64 , 62.61 , 33.62 , 62.89 
24-Mar-2025,2025,March,Week-4, 20.59 , 54.15 , 19.45 , 64.90 , 29.52 , 76.10 , 29.54 , 77.22 , 29.50 , 76.60 , 29.74 , 62.26 , 18.52 , 68.59 , 33.14 , 70.30 , 20.51 , 71.47 , 20.51 , 71.44 , 31.46 , 65.87 , 31.15 , 66.34 , 30.96 , 67.35 , 33.58 , 63.03 , 33.54 , 63.22 
25-Mar-2025,2025,March,Week-4, 20.64 , 53.60 , 20.35 , 66.46 , 29.31 , 74.65 , 29.18 , 77.34 , 29.18 , 76.77 , 29.34 , 60.84 , 18.48 , 68.13 , 33.82 , 67.18 , 20.51 , 72.02 , 20.51 , 72.03 , 31.15 , 65.42 , 30.87 , 65.81 , 30.70 , 66.67 , 33.47 , 63.65 , 33.46 , 63.76 
26-Mar-2025,2025,March,Week-4, 20.55 , 52.60 , 19.25 , 60.08 , 29.11 , 74.04 , 29.04 , 77.16 , 29.03 , 76.43 , 29.16 , 61.30 , 18.38 , 68.35 , 34.05 , 67.44 , 20.51 , 71.61 , 20.51 , 71.54 , 30.93 , 65.25 , 30.71 , 65.24 , 30.61 , 65.50 , 33.68 , 64.48 , 33.65 , 64.61 
27-Mar-2025,2025,March,Week-4, 20.85 , 54.85 , 19.98 , 67.02 , 29.02 , 71.60 , 29.38 , 71.33 , 29.29 , 71.29 , 29.52 , 64.66 , 19.60 , 67.65 , 34.14 , 67.46 , 20.52 , 71.87 , 20.52 , 71.89 , 30.77 , 63.82 , 30.52 , 63.73 , 30.31 , 65.03 , 32.41 , 65.16 , 32.31 , 66.60 
28-Mar-2025,2025,March,Week-4, 20.62 , 54.78 , 21.55 , 65.53 , 29.29 , 73.79 , 29.57 , 73.54 , 29.51 , 73.17 , 29.73 , 65.24 , 19.14 , 67.67 , 31.21 , 74.42 , 20.50 , 71.34 , 20.50 , 71.33 , 31.24 , 64.19 , 31.01 , 64.46 , 30.63 , 66.01 , 33.73 , 63.80 , 33.81 , 63.31 
29-Mar-2025,2025,March,Week-5, 22.70 , 53.65 , 21.47 , 65.36 , 29.20 , 71.46 , 29.53 , 71.32 , 29.44 , 71.57 , 29.67 , 67.15 , 20.68 , 67.61 , 31.45 , 74.31 , 20.52 , 71.95 , 20.52 , 71.97 , 31.08 , 63.10 , 30.78 , 63.58 , 30.51 , 64.69 , 33.68 , 60.59 , 33.71 , 60.38 
30-Mar-2025,2025,March,Week-5, 22.39 , 53.68 , 21.73 , 67.70 , 29.54 , 74.36 , 30.14 , 71.70 , 30.11 , 71.65 , 30.27 , 68.22 , 21.98 , 67.76 , 31.29 , 72.90 , 20.50 , 71.18 , 20.50 , 71.16 , 31.57 , 64.48 , 31.33 , 64.88 , 31.07 , 65.65 , 33.94 , 61.14 , 33.87 , 61.41 
31-Mar-2025,2025,March,Week-5, 20.55 , 55.94 , 20.87 , 65.48 , 29.81 , 73.85 , 30.33 , 72.23 , 30.31 , 71.96 , 30.47 , 65.85 , 21.92 , 67.53 , 30.67 , 73.32 , 20.50 , 71.21 , 20.50 , 71.21 , 31.81 , 63.82 , 31.55 , 64.25 , 31.27 , 65.25 , 34.07 , 61.21 , 34.05 , 61.43 
1-Apr-2025,2025,April,Week-1, 20.02 , 53.20 , 19.71 , 60.91 , 29.81 , 70.85 , 29.95 , 71.62 , 29.89 , 71.48 , 30.19 , 63.52 , 22.14 , 67.60 , 30.32 , 75.03 , 20.48 , 70.58 , 20.48 , 70.52 , 31.75 , 60.95 , 53.40 , 61.50 , 31.22 , 62.66 , 34.08 , 61.49 , 34.03 , 61.84 
2-Apr-2025,2025,April,Week-1, 19.04 , 54.00 , 18.24 , 56.89 , 29.58 , 71.46 , 29.83 , 71.06 , 29.79 , 70.75 , 30.07 , 63.11 , 21.99 , 67.23 , 30.86 , 73.56 , 20.51 , 71.36 , 20.51 , 71.37 , 31.52 , 61.60 , 31.22 , 62.43 , 30.91 , 63.98 , 34.18 , 60.44 , 34.17 , 60.72 
3-Apr-2025,2025,April,Week-1, 20.61 , 47.73 , 19.59 , 65.92 , 29.69 , 69.48 , 30.01 , 68.20 , 29.99 , 67.88 , 30.22 , 63.83 , 22.16 , 68.13 , 31.53 , 71.63 , 20.50 , 70.65 , 20.50 , 70.63 , 31.64 , 59.78 , 31.35 , 60.07 , 31.15 , 61.08 , 34.12 , 61.35 , 34.03 , 61.77 
4-Apr-2025,2025,April,Week-1, 20.37 , 50.60 , 18.87 , 57.37 , 29.84 , 70.59 , 30.30 , 68.96 , 30.29 , 68.86 , 30.46 , 64.19 , 22.21 , 68.23 , 32.24 , 67.46 , 20.52 , 71.31 , 20.51 , 71.28 , 31.78 , 60.98 , 31.54 , 61.22 , 31.38 , 61.81 , 34.60 , 60.01 , 34.54 , 60.42 
5-Apr-2025,2025,April,Week-1, 19.39 , 53.26 , 17.00 , 58.84 , 30.02 , 71.58 , 30.60 , 69.25 , 30.62 , 69.05 , 30.77 , 63.29 , 22.11 , 69.70 , 32.51 , 70.10 , 20.49 , 70.27 , 20.50 , 70.28 , 32.00 , 61.48 , 31.75 , 61.81 , 31.63 , 62.25 , 35.46 , 59.16 , 35.32 , 59.71 
6-Apr-2025,2025,April,Week-1, 19.28 , 50.49 , 17.80 , 60.14 , 30.04 , 68.78 , 30.56 , 66.83 , 30.58 , 66.66 , 30.73 , 65.51 , 23.18 , 68.86 , 32.13 , 70.32 , 20.51 , 71.26 , 20.51 , 71.23 , 31.94 , 59.71 , 31.67 , 59.93 , 31.49 , 60.51 , 35.54 , 57.54 , 35.45 , 58.10 
7-Apr-2025,2025,April,Week-1, 20.45 , 44.83 , 19.89 , 59.03 , 29.86 , 67.44 , 30.21 , 66.19 , 30.18 , 66.60 , 30.41 , 64.82 , 22.93 , 68.71 , 31.32 , 73.00 , 20.49 , 70.05 , 20.49 , 70.06 , 31.72 , 58.63 , 31.42 , 59.13 , 31.25 , 59.46 , 34.37 , 59.39 , 34.29 , 59.67 
8-Apr-2025,2025,April,Week-2, 20.41 , 43.56 , 20.21 , 58.40 , 30.10 , 68.05 , 30.79 , 65.14 , 30.81 , 65.22 , 30.90 , 64.85 , 23.18 , 67.98 , 31.75 , 73.18 , 20.53 , 71.10 , 20.53 , 71.00 , 32.02 , 59.01 , 31.79 , 59.19 , 31.69 , 59.66 , 34.79 , 59.40 , 34.72 , 59.69 
9-Apr-2025,2025,April,Week-2, 19.80 , 52.70 , 19.45 , 61.55 , 30.41 , 67.50 , 31.05 , 64.17 , 31.07 , 64.36 , 31.14 , 64.61 , 22.99 , 68.34 , 32.01 , 72.24 , 20.49 , 69.96 , 20.49 , 70.00 , 32.29 , 59.56 , 32.09 , 59.21 , 32.08 , 58.59 , 35.05 , 59.78 , 34.91 , 60.21 
10-Apr-2025,2025,April,Week-2, 19.17 , 52.40 , 20.23 , 61.13 , 30.58 , 66.42 , 31.21 , 63.63 , 31.21 , 63.42 , 31.31 , 63.59 , 23.24 , 67.98 , 32.39 , 70.54 , 20.51 , 70.74 , 20.51 , 70.70 , 32.44 , 58.42 , 32.24 , 58.12 , 32.18 , 57.94 , 35.10 , 59.86 , 35.04 , 60.12 
11-Apr-2025,2025,April,Week-2, 19.93 , 55.29 , 19.47 , 59.47 , 30.58 , 64.56 , 31.00 , 63.06 , 30.97 , 63.04 , 31.11 , 62.87 , 23.00 , 68.34 , 32.50 , 69.24 , 20.50 , 69.77 , 20.49 , 69.75 , 32.09 , 58.62 , 32.04 , 57.52 , 32.00 , 57.00 , 34.62 , 58.96 , 34.66 , 59.03 
12-Apr-2025,2025,April,Week-2, 21.27 , 48.03 , 18.48 , 60.49 , 30.74 , 65.18 , 31.07 , 64.17 , 31.04 , 64.06 , 31.26 , 63.21 , 23.22 , 65.18 , 31.90 , 70.33 , 20.52 , 70.96 , 20.52 , 70.96 , 32.49 , 57.83 , 32.36 , 57.38 , 32.31 , 57.14 , 34.60 , 59.85 , 34.62 , 59.97 
13-Apr-2025,2025,April,Week-2, 21.88 , 46.00 , 19.62 , 62.05 , 30.63 , 66.55 , 31.03 , 65.23 , 31.03 , 64.93 , 31.22 , 64.87 , 22.94 , 64.59 , 32.18 , 70.86 , 20.50 , 69.84 , 20.49 , 69.82 , 32.41 , 58.79 , 32.18 , 58.92 , 32.14 , 58.50 , 34.63 , 59.98 , 34.57 , 60.16 
14-Apr-2025,2025,April,Week-2, 21.74 , 47.00 , 18.59 , 61.18 , 30.36 , 70.38 , 30.65 , 70.12 , 30.60 , 70.15 , 30.90 , 68.68 , 23.23 , 65.38 , 32.62 , 71.00 , 20.51 , 71.42 , 20.51 , 71.41 , 32.25 , 61.65 , 31.96 , 62.22 , 31.74 , 62.92 , 34.19 , 60.56 , 34.14 , 60.81 
15-Apr-2025,2025,April,Week-3, 19.81 , 49.21 , 17.55 , 64.27 , 30.34 , 70.34 , 30.62 , 69.60 , 30.61 , 68.46 , 30.84 , 67.83 , 22.90 , 64.90 , 33.08 , 70.18 , 20.49 , 70.12 , 20.50 , 70.06 , 32.23 , 60.82 , 31.97 , 61.18 , 31.76 , 62.14 , 34.22 , 61.27 , 34.17 , 61.67 
16-Apr-2025,2025,April,Week-3, 19.02 , 52.06 , 18.58 , 65.45 , 30.17 , 67.76 , 30.40 , 67.82 , 30.37 , 67.61 , 30.66 , 65.75 , 23.16 , 65.99 , 32.89 , 68.45 , 20.51 , 71.28 , 20.52 , 71.32 , 32.01 , 59.71 , 31.72 , 59.99 , 31.60 , 60.31 , 34.00 , 61.35 , 34.01 , 61.68 
17-Apr-2025,2025,April,Week-3, 19.71 , 54.73 , 19.16 , 62.72 , 30.12 , 69.06 , 30.17 , 70.00 , 30.11 , 69.82 , 30.42 , 68.10 , 22.85 , 65.15 , 32.88 , 67.66 , 20.49 , 70.05 , 20.50 , 70.03 , 31.97 , 59.83 , 31.70 , 60.31 , 31.62 , 60.71 , 33.92 , 62.29 , 33.90 , 62.47 
18-Apr-2025,2025,April,Week-3, 21.10 , 49.01 , 18.95 , 67.07 , 29.81 , 69.57 , 29.92 , 70.52 , 29.86 , 69.70 , 30.17 , 68.81 , 23.04 , 66.87 , 33.07 , 70.34 , 20.51 , 72.02 , 20.51 , 72.02 , 31.64 , 61.56 , 31.38 , 61.88 , 31.20 , 62.75 , 34.23 , 62.33 , 34.21 , 62.47 
19-Apr-2025,2025,April,Week-3, 19.57 , 49.23 , 20.67 , 66.99 , 29.71 , 69.59 , 29.86 , 70.18 , 29.86 , 70.45 , 30.04 , 69.14 , 22.83 , 65.41 , 33.14 , 70.30 , 20.49 , 70.39 , 20.49 , 70.37 , 31.51 , 61.39 , 31.29 , 61.46 , 31.05 , 62.54 , 34.55 , 60.82 , 34.49 , 61.09 
20-Apr-2025,2025,April,Week-3, 19.60 , 52.30 , 20.55 , 62.59 , 29.66 , 72.52 , 29.82 , 73.06 , 29.87 , 72.57 , 29.95 , 72.61 , 23.11 , 66.48 , 33.82 , 67.18 , 20.52 , 72.05 , 20.52 , 72.02 , 31.51 , 63.22 , 31.29 , 63.38 , 31.11 , 63.77 , 34.14 , 60.70 , 34.12 , 60.89 
21-Apr-2025,2025,April,Week-3, 21.43 , 43.53 , 19.19 , 65.16 , 29.77 , 71.57 , 29.94 , 71.93 , 29.92 , 71.18 , 30.09 , 71.14 , 22.81 , 65.33 , 34.05 , 67.44 , 20.48 , 70.27 , 20.49 , 70.32 , 31.67 , 61.70 , 31.45 , 61.89 , 31.31 , 62.25 , 34.33 , 60.44 , 34.30 , 60.64 
22-Apr-2025,2025,April,Week-4, 21.55 , 42.29 , 19.19 , 64.47 , 29.80 , 69.53 , 30.20 , 68.44 , 30.20 , 68.33 , 30.36 , 67.71 , 23.09 , 66.51 , 34.14 , 67.46 , 20.52 , 71.73 , 20.52 , 71.76 , 31.67 , 60.54 , 31.45 , 60.62 , 31.34 , 61.19 , 33.98 , 60.48 , 34.00 , 60.72 
23-Apr-2025,2025,April,Week-4, 20.05 , 50.42 , 19.04 , 63.13 , 30.06 , 70.54 , 30.68 , 68.55 , 30.72 , 68.31 , 30.83 , 68.14 , 22.83 , 64.98 , 31.21 , 74.42 , 20.48 , 70.19 , 20.48 , 70.16 , 32.03 , 61.18 , 31.78 , 61.40 , 31.64 , 61.89 , 34.51 , 59.83 , 34.39 , 60.20 
24-Apr-2025,2025,April,Week-4, 19.75 , 50.72 , 19.26 , 66.77 , 29.63 , 69.74 , 30.10 , 68.08 , 30.00 , 68.67 , 30.14 , 67.67 , 23.30 , 65.84 , 31.45 , 74.31 , 20.61 , 71.56 , 20.62 , 71.57 , 31.28 , 61.84 , 30.80 , 63.24 , 30.82 , 63.01 , 33.77 , 59.21 , 33.55 , 59.94 
25-Apr-2025,2025,April,Week-4, 20.73 , 43.62 , 20.98 , 68.83 , 29.79 , 68.66 , 30.17 , 67.56 , 30.13 , 67.49 , 30.31 , 66.81 , 22.89 , 64.69 , 31.29 , 72.90 , 20.50 , 69.66 , 20.49 , 69.64 , 31.72 , 59.81 , 31.30 , 60.73 , 31.41 , 59.75 , 34.11 , 61.44 , 33.95 , 62.17 
26-Apr-2025,2025,April,Week-4, 18.66 , 47.75 , 20.10 , 61.51 , 30.14 , 67.46 , 30.81 , 64.58 , 30.81 , 64.76 , 30.90 , 65.00 , 23.17 , 65.94 , 30.67 , 73.32 , 20.52 , 71.66 , 20.52 , 71.62 , 32.04 , 59.61 , 31.72 , 59.57 , 31.82 , 58.50 , 34.33 , 60.78 , 34.28 , 61.17 
27-Apr-2025,2025,April,Week-4, 19.94 , 46.89 , 20.59 , 64.59 , 30.44 , 66.71 , 31.23 , 63.48 , 31.26 , 63.85 , 31.32 , 63.92 , 22.92 , 63.98 , 30.32 , 75.03 , 20.48 , 69.21 , 20.48 , 69.18 , 32.35 , 58.38 , 32.06 , 58.75 , 32.09 , 58.23 , 34.55 , 60.77 , 34.48 , 61.11 
28-Apr-2025,2025,April,Week-4, 20.14 , 50.88 , 20.29 , 60.08 , 30.79 , 66.14 , 31.49 , 62.43 , 31.51 , 63.28 , 31.55 , 63.73 , 23.25 , 65.18 , 30.86 , 73.56 , 20.52 , 70.98 , 20.52 , 70.99 , 32.69 , 58.40 , 32.45 , 58.22 , 32.45 , 57.70 , 35.01 , 59.79 , 34.93 , 59.91 
29-Apr-2025,2025,April,Week-5, 20.59 , 47.84 , 19.25 , 62.59 , 30.95 , 64.22 , 31.56 , 61.49 , 31.60 , 61.63 , 31.62 , 62.19 , 22.89 , 63.58 , 31.53 , 71.63 , 20.48 , 68.65 , 20.48 , 68.65 , 32.80 , 56.38 , 32.56 , 56.45 , 32.60 , 55.88 , 35.10 , 58.06 , 35.03 , 58.27 
30-Apr-2025,2025,April,Week-5, 19.01 , 47.30 , 19.94 , 57.82 , 30.98 , 64.07 , 31.54 , 60.94 , 31.55 , 61.38 , 31.59 , 62.38 , 23.26 , 65.20 , 32.24 , 67.46 , 20.53 , 70.97 , 20.53 , 70.98 , 32.78 , 56.74 , 32.60 , 56.52 , 32.58 , 55.98 , 35.06 , 57.18 , 35.00 , 57.67 
1-May-2025,2025,May,Week-1, 18.00 , 50.33 , 20.24 , 54.39 , 30.99 , 64.42 , 31.61 , 61.08 , 31.58 , 61.92 , 31.68 , 62.47 , 22.95 , 63.67 , 32.51 , 70.10 , 20.48 , 68.98 , 20.48 , 69.01 , 32.82 , 57.04 , 32.60 , 56.91 , 32.58 , 56.45 , 34.89 , 59.52 , 34.82 , 59.81 
2-May-2025,2025,May,Week-1, 19.60 , 48.90 , 20.77 , 61.55 , 31.06 , 66.47 , 31.69 , 62.00 , 31.67 , 63.13 , 31.77 , 63.41 , 23.31 , 65.26 , 32.13 , 70.32 , 20.53 , 71.33 , 20.52 , 71.29 , 32.93 , 58.25 , 32.70 , 58.40 , 32.50 , 59.07 , 35.40 , 59.28 , 35.30 , 59.57 
3-May-2025,2025,May,Week-1, 18.94 , 49.13 , 20.53 , 64.57 , 30.91 , 64.13 , 31.42 , 61.17 , 31.38 , 62.22 , 31.51 , 62.20 , 22.95 , 63.50 , 31.32 , 73.00 , 20.48 , 68.88 , 20.48 , 68.90 , 32.69 , 57.06 , 32.45 , 56.95 , 32.41 , 56.47 , 35.33 , 58.14 , 35.22 , 58.66 
4-May-2025,2025,May,Week-1, 20.10 , 48.36 , 21.30 , 65.84 , 30.71 , 65.17 , 30.84 , 64.74 , 30.79 , 64.77 , 30.98 , 64.66 , 23.18 , 66.12 , 31.75 , 73.18 , 20.54 , 71.53 , 20.54 , 71.48 , 32.49 , 57.86 , 32.25 , 57.79 , 32.13 , 57.65 , 35.17 , 57.99 , 35.11 , 58.41 
5-May-2025,2025,May,Week-1, 18.71 , 54.96 , 22.40 , 63.91 , 30.78 , 64.99 , 31.25 , 62.10 , 31.24 , 62.60 , 31.31 , 63.90 , 22.89 , 64.90 , 32.01 , 72.24 , 20.50 , 70.00 , 20.51 , 70.00 , 32.57 , 58.25 , 32.40 , 57.67 , 32.43 , 56.88 , 34.59 , 60.33 , 34.54 , 60.50 
6-May-2025,2025,May,Week-1, 17.68 , 60.31 , 22.43 , 64.62 , 30.97 , 65.52 , 31.72 , 61.37 , 31.73 , 61.96 , 31.77 , 63.09 , 23.27 , 65.63 , 32.39 , 70.54 , 20.52 , 71.32 , 20.52 , 71.28 , 32.81 , 58.57 , 32.62 , 58.12 , 32.62 , 57.29 , 35.35 , 58.73 , 35.29 , 58.97 
7-May-2025,2025,May,Week-1, 17.98 , 52.50 , 22.50 , 63.18 , 31.00 , 65.38 , 31.74 , 61.60 , 31.71 , 62.72 , 31.80 , 63.13 , 23.30 , 64.56 , 32.50 , 69.24 , 20.54 , 70.79 , 20.53 , 70.80 , 32.87 , 57.86 , 32.61 , 57.78 , 32.60 , 57.42 , 35.41 , 58.93 , 35.34 , 59.30 
8-May-2025,2025,May,Week-2, 20.18 , 53.64 , 22.55 , 62.47 , 31.19 , 65.34 , 31.98 , 60.91 , 31.97 , 61.97 , 32.05 , 62.62 , 23.38 , 64.56 , 31.90 , 70.33 , 20.51 , 70.69 , 20.51 , 70.67 , 33.10 , 57.72 , 32.82 , 57.67 , 32.84 , 57.32 , 35.49 , 59.27 , 35.40 , 59.62 
9-May-2025,2025,May,Week-2, 21.42 , 59.32 , 22.58 , 63.89 , 31.23 , 68.03 , 31.69 , 65.76 , 31.74 , 65.94 , 31.82 , 65.61 , 23.31 , 64.50 , 32.18 , 70.86 , 20.52 , 71.26 , 20.53 , 71.25 , 33.11 , 60.28 , 32.84 , 60.66 , 32.80 , 60.46 , 35.74 , 59.59 , 35.68 , 59.71 
10-May-2025,2025,May,Week-2, 21.22 , 59.67 , 22.64 , 62.72 , 31.04 , 66.94 , 31.37 , 65.97 , 31.40 , 66.42 , 31.53 , 65.42 , 23.39 , 64.95 , 32.62 , 71.00 , 20.52 , 71.10 , 20.52 , 71.07 , 32.82 , 59.51 , 32.59 , 59.23 , 32.51 , 58.94 , 35.48 , 59.86 , 35.42 , 60.25 
11-May-2025,2025,May,Week-2, 21.14 , 56.66 , 20.86 , 61.98 , 30.84 , 66.41 , 31.23 , 65.02 , 31.27 , 65.44 , 31.39 , 64.39 , 23.34 , 64.39 , 33.08 , 70.18 , 20.54 , 70.84 , 20.55 , 70.80 , 32.67 , 58.56 , 32.40 , 58.81 , 32.28 , 58.64 , 35.08 , 60.11 , 35.02 , 60.43 
12-May-2025,2025,May,Week-2, 19.70 , 50.82 , 21.48 , 66.40 , 30.77 , 68.33 , 30.88 , 68.97 , 30.92 , 68.60 , 31.18 , 66.94 , 23.33 , 64.77 , 32.89 , 68.45 , 20.51 , 70.77 , 20.51 , 70.74 , 32.70 , 59.37 , 32.40 , 59.92 , 32.14 , 60.67 , 34.98 , 59.61 , 34.91 , 59.78 
13-May-2025,2025,May,Week-2, 19.74 , 50.88 , 22.54 , 63.56 , 30.08 , 65.10 , 30.13 , 66.05 , 29.99 , 66.42 , 30.21 , 65.31 , 23.29 , 64.61 , 32.88 , 67.66 , 20.54 , 70.80 , 20.54 , 70.77 , 31.37 , 59.13 , 30.99 , 59.67 , 31.03 , 58.90 , 34.95 , 59.87 , 34.92 , 60.04 
14-May-2025,2025,May,Week-2, 21.19 , 47.17 , 22.62 , 62.84 , 30.00 , 67.39 , 30.48 , 65.53 , 30.47 , 66.10 , 30.58 , 65.91 , 23.32 , 65.19 , 33.07 , 70.34 , 20.52 , 71.01 , 20.52 , 71.01 , 31.90 , 59.34 , 31.48 , 60.03 , 31.56 , 59.31 , 35.03 , 58.71 , 34.98 , 59.14 
15-May-2025,2025,May,Week-3, 21.91 , 41.48 , 22.64 , 62.23 , 30.46 , 66.53 , 31.35 , 62.31 , 31.34 , 63.26 , 31.41 , 64.21 , 23.29 , 64.69 , 33.14 , 70.30 , 20.55 , 70.99 , 20.54 , 70.96 , 32.48 , 58.53 , 32.15 , 58.66 , 32.18 , 58.14 , 35.45 , 58.66 , 35.37 , 59.10 
16-May-2025,2025,May,Week-3, 21.81 , 42.13 , 22.62 , 62.71 , 30.74 , 67.76 , 31.53 , 63.14 , 31.51 , 64.29 , 31.60 , 64.96 , 23.36 , 64.94 , 33.82 , 67.18 , 20.52 , 71.07 , 20.52 , 71.08 , 32.73 , 59.07 , 32.44 , 59.30 , 32.14 , 60.74 , 35.19 , 59.25 , 35.10 , 59.73 
17-May-2025,2025,May,Week-3, 21.81 , 42.20 , 22.59 , 63.33 , 30.67 , 65.92 , 31.33 , 62.69 , 31.28 , 63.76 , 31.42 , 63.48 , 23.31 , 64.71 , 34.05 , 67.44 , 20.54 , 70.98 , 20.54 , 70.98 , 32.56 , 58.00 , 32.26 , 58.20 , 32.15 , 58.02 , 34.84 , 59.13 , 34.79 , 59.43 
18-May-2025,2025,May,Week-3, 21.82 , 41.60 , 22.58 , 62.52 , 30.58 , 66.00 , 31.10 , 62.80 , 31.05 , 63.88 , 31.20 , 63.82 , 23.29 , 65.36 , 34.14 , 67.46 , 20.53 , 71.06 , 20.53 , 71.05 , 32.42 , 57.92 , 32.13 , 57.99 , 31.96 , 58.60 , 34.49 , 58.82 , 34.44 , 59.29 
19-May-2025,2025,May,Week-3, 20.19 , 52.17 , 20.86 , 62.44 , 30.55 , 64.30 , 31.00 , 62.01 , 30.95 , 62.68 , 31.08 , 62.93 , 23.23 , 64.79 , 33.84 , 65.47 , 20.53 , 70.72 , 20.52 , 70.78 , 32.30 , 56.76 , 32.00 , 57.07 , 31.90 , 57.05 , 34.07 , 59.52 , 34.02 , 59.97 
20-May-2025,2025,May,Week-3, 18.82 , 53.69 , 20.22 , 65.48 , 30.39 , 65.78 , 30.80 , 64.16 , 30.80 , 63.85 , 30.93 , 64.11 , 23.18 , 65.64 , 31.21 , 74.42 , 20.53 , 71.06 , 20.52 , 71.09 , 32.25 , 57.84 , 31.75 , 59.00 , 31.84 , 58.19 , 34.08 , 59.19 , 34.04 , 59.58 
21-May-2025,2025,May,Week-3, 20.41 , 45.90 , 21.50 , 65.92 , 30.58 , 65.98 , 31.03 , 64.17 , 31.04 , 63.75 , 31.19 , 64.03 , 23.18 , 65.35 , 31.45 , 74.31 , 20.54 , 71.09 , 20.54 , 71.04 , 32.46 , 58.00 , 32.15 , 58.35 , 32.18 , 57.91 , 33.05 , 61.33 , 32.98 , 62.06 
22-May-2025,2025,May,Week-4, 21.23 , 45.57 , 22.70 , 65.42 , 30.30 , 66.67 , 30.26 , 67.53 , 30.19 , 66.84 , 30.52 , 66.00 , 23.13 , 66.33 , 31.29 , 72.90 , 20.51 , 71.59 , 20.52 , 71.60 , 32.06 , 59.41 , 31.77 , 59.43 , 31.64 , 59.68 , 33.95 , 61.72 , 33.96 , 61.53 
23-May-2025,2025,May,Week-4, 20.22 , 56.29 , 22.71 , 66.33 , 29.94 , 67.24 , 29.80 , 69.09 , 29.71 , 68.88 , 30.01 , 68.01 , 23.05 , 66.39 , 30.67 , 73.32 , 20.54 , 71.86 , 20.54 , 71.86 , 31.71 , 59.77 , 31.40 , 59.84 , 31.30 , 59.81 , 33.92 , 60.93 , 33.87 , 61.13 
24-May-2025,2025,May,Week-4, 20.32 , 54.14 , 22.68 , 64.71 , 29.62 , 68.12 , 30.09 , 65.97 , 30.02 , 67.50 , 30.20 , 67.42 , 23.05 , 66.68 , 30.32 , 75.03 , 20.53 , 71.66 , 20.52 , 71.64 , 31.46 , 60.61 , 31.17 , 60.83 , 31.03 , 60.92 , 33.55 , 61.17 , 33.49 , 61.44 
25-May-2025,2025,May,Week-4, 20.44 , 53.23 , 21.22 , 66.08 , 29.81 , 69.27 , 30.18 , 67.20 , 30.12 , 67.70 , 30.30 , 67.37 , 23.11 , 65.99 , 30.86 , 73.56 , 20.54 , 71.61 , 20.54 , 71.60 , 31.72 , 60.27 , 31.44 , 60.74 , 31.36 , 61.02 , 33.96 , 62.57 , 33.88 , 62.78 
26-May-2025,2025,May,Week-4, 20.67 , 55.43 , 20.26 , 68.11 , 29.89 , 70.26 , 30.21 , 68.70 , 30.16 , 68.94 , 30.35 , 69.20 , 23.06 , 66.52 , 31.53 , 71.63 , 20.52 , 71.62 , 20.51 , 71.63 , 31.82 , 61.52 , 31.55 , 61.60 , 31.47 , 61.51 , 34.12 , 62.47 , 34.03 , 62.63 
27-May-2025,2025,May,Week-4, 20.56 , 54.05 , 21.55 , 68.13 , 30.01 , 70.19 , 30.66 , 67.19 , 30.61 , 68.43 , 30.77 , 68.35 , 23.15 , 65.84 , 32.24 , 67.46 , 20.54 , 71.68 , 20.54 , 71.67 , 32.00 , 60.93 , 31.71 , 61.48 , 31.57 , 61.75 , 33.76 , 60.91 , 33.72 , 60.86 
28-May-2025,2025,May,Week-4, 22.41 , 51.67 , 21.13 , 61.96 , 30.51 , 67.54 , 31.44 , 62.43 , 31.44 , 63.59 , 31.48 , 64.83 , 23.27 , 65.48 , 32.51 , 70.10 , 20.53 , 71.37 , 20.52 , 71.37 , 32.53 , 59.37 , 32.25 , 59.00 , 32.23 , 58.55 , 34.20 , 61.43 , 34.14 , 61.60 
29-May-2025,2025,May,Week-5, 22.75 , 51.29 , 20.17 , 65.66 , 30.92 , 66.79 , 31.74 , 62.52 , 31.73 , 63.65 , 31.79 , 64.56 , 23.30 , 64.99 , 32.13 , 70.32 , 20.54 , 71.22 , 20.54 , 71.19 , 32.90 , 58.87 , 32.66 , 58.58 , 32.63 , 58.19 , 34.42 , 61.49 , 34.34 , 61.73 
30-May-2025,2025,May,Week-5, 18.69 , 48.94 , 20.12 , 65.31 , 30.84 , 65.97 , 31.29 , 64.25 , 31.30 , 64.68 , 31.40 , 64.25 , 23.30 , 64.98 , 31.32 , 73.00 , 20.52 , 70.78 , 20.53 , 70.82 , 32.62 , 57.75 , 32.19 , 58.95 , 32.21 , 58.64 , 34.40 , 60.75 , 34.30 , 61.15 
31-May-2025,2025,May,Week-5, 18.43 , 51.29 , 19.99 , 65.16 , 30.95 , 66.37 , 31.80 , 62.40 , 31.80 , 63.21 , 31.84 , 63.80 , 23.27 , 65.41 , 31.75 , 73.18 , 20.54 , 71.64 , 20.55 , 71.66 , 32.87 , 58.60 , 32.49 , 58.94 , 32.60 , 57.92 , 34.54 , 61.12 , 34.45 , 61.46 
1-Jun-2025,2025,June,Week-1, 18.58 , 51.72 , 20.21 , 66.76 , 30.93 , 64.61 , 31.16 , 63.47 , 31.11 , 63.91 , 31.29 , 63.70 , 23.20 , 65.50 , 32.01 , 72.24 , 20.52 , 71.02 , 20.53 , 71.01 , 32.78 , 56.68 , 32.51 , 56.88 , 32.46 , 56.75 , 34.47 , 60.24 , 34.39 , 60.45 
2-Jun-2025,2025,June,Week-1, 18.53 , 51.10 , 20.16 , 66.57 , 30.64 , 64.17 , 30.99 , 63.15 , 30.92 , 64.15 , 31.11 , 63.79 , 23.11 , 66.00 , 32.39 , 70.54 , 20.54 , 71.57 , 20.53 , 71.57 , 32.44 , 57.30 , 32.17 , 57.23 , 32.01 , 57.58 , 34.47 , 59.70 , 34.36 , 60.07 
3-Jun-2025,2025,June,Week-1, 18.48 , 50.38 , 20.02 , 64.84 , 30.83 , 65.02 , 31.67 , 60.83 , 31.68 , 61.74 , 31.73 , 62.28 , 23.15 , 65.69 , 32.50 , 69.24 , 20.53 , 71.18 , 20.53 , 71.21 , 32.76 , 56.91 , 32.50 , 57.07 , 32.34 , 57.49 , 34.76 , 59.29 , 34.65 , 59.66 
4-Jun-2025,2025,June,Week-1, 18.46 , 50.53 , 21.40 , 64.21 , 31.04 , 65.43 , 31.81 , 61.46 , 31.88 , 62.03 , 31.86 , 63.16 , 23.13 , 64.72 , 31.90 , 70.33 , 20.51 , 70.37 , 20.51 , 70.39 , 32.91 , 57.75 , 32.71 , 57.69 , 32.69 , 57.31 , 35.02 , 59.89 , 34.91 , 60.06 
5-Jun-2025,2025,June,Week-1, 18.48 , 49.92 , 22.48 , 61.80 , 31.32 , 64.54 , 32.12 , 59.78 , 32.18 , 60.41 , 32.17 , 61.51 , 23.08 , 64.59 , 32.18 , 70.86 , 20.49 , 70.20 , 20.49 , 70.15 , 33.25 , 56.73 , 33.00 , 56.75 , 32.95 , 56.68 , 35.91 , 57.75 , 35.75 , 58.14 
6-Jun-2025,2025,June,Week-1, 18.52 , 51.26 , 22.57 , 62.25 , 31.33 , 64.65 , 32.01 , 60.47 , 32.04 , 61.44 , 32.09 , 61.96 , 22.94 , 64.46 , 32.62 , 71.00 , 20.51 , 69.62 , 20.51 , 69.63 , 33.20 , 56.71 , 32.91 , 57.16 , 32.89 , 57.00 , 35.60 , 58.65 , 35.47 , 58.99 
7-Jun-2025,2025,June,Week-1, 21.10 , 55.03 , 22.57 , 62.19 , 30.56 , 63.31 , 30.72 , 62.02 , 30.59 , 62.84 , 30.78 , 62.14 , 23.12 , 64.69 , 33.08 , 70.18 , 20.51 , 70.39 , 20.51 , 70.36 , 31.77 , 57.62 , 31.39 , 58.15 , 31.33 , 57.99 , 33.94 , 58.93 , 33.76 , 59.43 
8-Jun-2025,2025,June,Week-2, 21.49 , 51.56 , 21.10 , 59.75 , 29.14 , 66.65 , 29.62 , 64.45 , 29.50 , 66.35 , 29.63 , 64.99 , 22.98 , 64.39 , 32.89 , 68.45 , 20.51 , 69.63 , 20.51 , 69.60 , 30.69 , 59.77 , 30.40 , 60.52 , 30.28 , 61.11 , 33.91 , 59.27 , 33.43 , 60.85 
9-Jun-2025,2025,June,Week-2, 20.31 , 47.10 , 19.37 , 63.25 , 28.15 , 64.90 , 28.41 , 61.87 , 28.03 , 63.60 , 28.16 , 63.75 , 22.23 , 61.64 , 32.88 , 67.66 , 19.44 , 67.36 , 19.44 , 67.35 , 28.81 , 60.59 , 28.60 , 60.55 , 28.42 , 60.89 , 32.96 , 59.69 , 32.53 , 61.54 
10-Jun-2025,2025,June,Week-2, 19.23 , 52.28 , 19.37 , 65.07 , 27.57 , 67.30 , 27.99 , 63.53 , 27.68 , 65.33 , 27.82 , 65.80 , 21.24 , 62.52 , 33.07 , 70.34 , 18.49 , 68.57 , 18.49 , 68.63 , 28.75 , 61.01 , 28.53 , 60.56 , 28.45 , 60.67 , 34.21 , 60.39 , 33.79 , 62.14 
11-Jun-2025,2025,June,Week-2, 19.26 , 53.00 , 19.51 , 65.01 , 28.58 , 70.18 , 29.70 , 64.02 , 29.67 , 65.00 , 29.68 , 67.06 , 21.07 , 62.70 , 33.14 , 70.30 , 18.44 , 68.60 , 18.44 , 68.62 , 30.65 , 62.10 , 30.58 , 60.62 , 30.44 , 60.71 , 34.11 , 60.18 , 34.02 , 60.64 
12-Jun-2025,2025,June,Week-2, 19.76 , 56.60 , 21.49 , 70.26 , 29.48 , 67.59 , 30.45 , 61.37 , 30.42 , 62.28 , 30.44 , 65.12 , 21.07 , 63.85 , 33.82 , 67.18 , 18.46 , 69.84 , 18.46 , 69.84 , 31.47 , 59.56 , 31.39 , 58.38 , 31.31 , 58.23 , 34.13 , 60.28 , 34.06 , 60.50 
13-Jun-2025,2025,June,Week-2, 19.46 , 53.81 , 22.04 , 66.84 , 29.91 , 65.53 , 30.56 , 61.35 , 30.55 , 62.67 , 30.47 , 64.38 , 20.92 , 63.74 , 34.05 , 67.44 , 18.45 , 69.25 , 18.45 , 69.23 , 31.77 , 57.48 , 31.62 , 57.12 , 31.60 , 56.92 , 33.97 , 59.17 , 33.93 , 59.32 
14-Jun-2025,2025,June,Week-2, 19.31 , 54.26 , 22.02 , 67.83 , 29.72 , 64.80 , 30.01 , 62.22 , 29.88 , 63.25 , 30.04 , 63.34 , 21.00 , 63.98 , 34.14 , 67.46 , 18.47 , 69.47 , 18.47 , 69.47 , 31.14 , 58.38 , 31.03 , 57.68 , 30.66 , 59.96 , 33.98 , 59.31 , 33.90 , 59.76 
15-Jun-2025,2025,June,Week-3, 19.34 , 52.15 , 22.55 , 65.20 , 29.54 , 65.15 , 29.87 , 64.47 , 29.82 , 64.54 , 29.99 , 64.63 , 20.91 , 63.89 , 33.84 , 65.47 , 18.45 , 69.29 , 18.45 , 69.28 , 31.29 , 58.71 , 31.10 , 58.22 , 30.88 , 58.59 , 33.79 , 60.41 , 33.70 , 60.77 
16-Jun-2025,2025,June,Week-3, 21.11 , 51.78 , 22.61 , 63.37 , 29.96 , 67.05 , 30.83 , 62.70 , 30.89 , 62.40 , 30.86 , 64.74 , 21.08 , 63.42 , 31.21 , 74.42 , 18.45 , 69.49 , 18.45 , 69.51 , 31.86 , 59.92 , 31.67 , 59.11 , 31.66 , 58.12 , 34.87 , 60.61 , 34.69 , 60.85 
17-Jun-2025,2025,June,Week-3, 22.05 , 42.71 , 22.70 , 61.13 , 30.39 , 64.60 , 31.06 , 61.49 , 31.10 , 61.32 , 31.13 , 62.95 , 21.03 , 62.94 , 31.45 , 74.31 , 18.44 , 68.80 , 18.44 , 68.82 , 32.29 , 57.58 , 32.04 , 56.99 , 32.05 , 56.30 , 34.86 , 58.79 , 34.76 , 59.04 
18-Jun-2025,2025,June,Week-3, 21.06 , 50.76 , 20.97 , 63.05 , 30.25 , 65.34 , 30.42 , 64.51 , 30.40 , 64.72 , 30.56 , 64.77 , 20.99 , 64.02 , 31.29 , 72.90 , 18.46 , 69.76 , 18.46 , 69.77 , 32.00 , 58.33 , 31.70 , 58.62 , 31.70 , 58.07 , 34.03 , 59.97 , 33.98 , 60.13 
18-Jun-2025,2025,June,Week-3, 20.95 , 51.22 , 20.72 , 62.55 , 30.23 , 65.22 , 30.38 , 64.64 , 30.36 , 64.82 , 30.53 , 64.65 , 21.01 , 63.98 , 30.67 , 73.32 , 18.47 , 69.73 , 18.47 , 69.76 , 31.96 , 58.33 , 31.66 , 58.57 , 31.65 , 58.04 , 34.00 , 59.96 , 33.96 , 60.13 
19-Jun-2025,2025,June,Week-3, 19.49 , 55.06 , 17.39 , 59.52 , 29.55 , 63.11 , 29.26 , 66.15 , 29.16 , 66.21 , 29.52 , 64.37 , 20.88 , 63.60 , 30.32 , 75.03 , 18.46 , 68.86 , 18.46 , 68.89 , 31.23 , 56.15 , 30.93 , 56.28 , 30.68 , 57.08 , 33.30 , 59.66 , 33.26 , 59.81 
20-Jun-2025,2025,June,Week-3, 19.19 , 53.34 , 21.05 , 69.34 , 28.92 , 63.89 , 28.78 , 65.50 , 28.73 , 66.20 , 29.02 , 64.35 , 20.83 , 65.14 , 30.86 , 73.56 , 18.48 , 70.27 , 18.48 , 70.31 , 30.53 , 57.68 , 30.25 , 57.58 , 30.15 , 57.45 , 32.75 , 60.52 , 32.70 , 60.74 
21-Jun-2025,2025,June,Week-3, 19.08 , 52.92 , 21.08 , 61.20 , 28.87 , 66.56 , 29.21 , 63.94 , 29.16 , 64.92 , 29.34 , 65.24 , 20.85 , 64.29 , 31.53 , 71.63 , 18.46 , 69.48 , 18.46 , 69.49 , 30.69 , 58.58 , 30.41 , 58.58 , 30.29 , 58.85 , 33.03 , 61.16 , 32.97 , 61.39 
22-Jun-2025,2025,June,Week-4, 20.83 , 52.85 , 20.52 , 64.99 , 28.91 , 67.47 , 29.41 , 64.82 , 29.44 , 65.71 , 29.54 , 64.69 , 20.94 , 64.87 , 32.24 , 67.46 , 18.47 , 70.40 , 18.47 , 70.37 , 30.71 , 60.39 , 30.46 , 59.68 , 30.42 , 59.31 , 33.06 , 62.31 , 32.97 , 62.65 
23-Jun-2025,2025,June,Week-4, 20.18 , 49.35 , 20.42 , 64.19 , 29.16 , 67.61 , 29.62 , 64.94 , 29.66 , 65.45 , 29.73 , 65.59 , 20.94 , 63.90 , 32.51 , 70.10 , 18.46 , 69.35 , 18.45 , 69.32 , 31.02 , 58.95 , 30.83 , 58.74 , 30.78 , 58.71 , 33.66 , 60.21 , 33.54 , 60.50 
24-Jun-2025,2025,June,Week-4, 19.41 , 52.46 , 21.15 , 59.67 , 28.99 , 64.61 , 29.33 , 61.98 , 29.19 , 62.35 , 29.37 , 63.25 , 20.94 , 64.43 , 32.13 , 70.32 , 18.48 , 69.83 , 18.48 , 69.82 , 30.56 , 58.31 , 30.20 , 58.99 , 30.33 , 57.49 , 34.31 , 59.30 , 34.14 , 59.74 
25-Jun-2025,2025,June,Week-4, 19.53 , 51.64 , 21.37 , 60.76 , 29.36 , 65.00 , 30.23 , 60.61 , 30.19 , 61.68 , 30.27 , 62.95 , 20.95 , 63.53 , 31.32 , 73.00 , 18.44 , 68.86 , 18.44 , 68.85 , 31.30 , 57.54 , 30.95 , 57.80 , 31.05 , 56.59 , 34.88 , 58.16 , 34.69 , 58.59 
26-Jun-2025,2025,June,Week-4, 21.18 , 47.73 , 22.10 , 62.96 , 29.81 , 64.48 , 30.76 , 58.32 , 30.73 , 59.69 , 30.78 , 61.01 , 21.04 , 63.50 , 31.75 , 73.18 , 18.46 , 69.22 , 18.46 , 69.22 , 31.76 , 56.62 , 31.49 , 56.69 , 31.46 , 56.13 , 35.01 , 57.35 , 34.87 , 57.73 
27-Jun-2025,2025,June,Week-4, 21.60 , 41.16 , 20.79 , 67.93 , 30.13 , 64.53 , 30.62 , 60.82 , 30.57 , 61.29 , 30.70 , 62.60 , 20.99 , 63.09 , 32.01 , 72.24 , 18.44 , 68.58 , 18.44 , 68.59 , 32.01 , 57.03 , 31.75 , 56.93 , 31.76 , 56.25 , 34.70 , 59.64 , 34.60 , 59.82 
28-Jun-2025,2025,June,Week-4, 21.62 , 42.58 , 20.83 , 68.12 , 30.11 , 63.44 , 30.19 , 63.72 , 30.13 , 63.76 , 30.35 , 63.33 , 20.96 , 63.88 , 32.39 , 70.54 , 18.46 , 69.24 , 18.47 , 69.26 , 31.86 , 56.95 , 31.63 , 56.54 , 31.60 , 55.73 , 34.93 , 59.16 , 34.78 , 59.25 
29-Jun-2025,2025,June,Week-5, 20.35 , 50.09 , 21.48 , 69.54 , 29.42 , 63.94 , 28.80 , 67.56 , 28.68 , 67.56 , 29.08 , 65.67 , 20.85 , 64.22 , 31.21 , 74.42 , 18.47 , 69.28 , 18.47 , 69.28 , 31.02 , 57.13 , 30.75 , 57.29 , 30.41 , 59.12 , 34.08 , 58.95 , 34.04 , 59.07 
30-Jun-2025,2025,June,Week-5, 19.47 , 54.64 , 21.14 , 66.84 , 28.25 , 65.14 , 27.75 , 68.33 , 27.65 , 68.91 , 27.94 , 66.82 , 20.78 , 65.39 , 31.45 , 74.31 , 18.48 , 70.27 , 18.48 , 70.19 , 29.38 , 60.27 , 29.20 , 59.70 , 29.01 , 60.79 , 32.32 , 61.34 , 32.26 , 62.22 
1-Jul-2025,2025,July,Week-1, 20.92 , 51.21 , 20.24 , 68.22 , 27.95 , 68.30 , 28.35 , 68.12 , 28.32 , 68.29 , 28.47 , 67.28 , 20.84 , 64.90 , 31.29 , 72.90 , 18.47 , 69.94 , 18.47 , 69.90 , 29.51 , 63.01 , 29.20 , 62.73 , 29.16 , 62.57 , 32.18 , 62.57 , 32.15 , 62.79 
2-Jul-2025,2025,July,Week-1, 21.84 , 59.11 , 20.61 , 70.16 , 28.57 , 69.46 , 29.56 , 63.49 , 29.61 , 64.27 , 29.65 , 65.60 , 20.92 , 64.55 , 30.67 , 73.32 , 18.46 , 69.84 , 18.45 , 69.85 , 30.41 , 62.34 , 30.14 , 61.68 , 30.13 , 60.84 , 33.05 , 63.22 , 33.02 , 62.97 
3-Jul-2025,2025,July,Week-1, 19.67 , 54.06 , 20.90 , 65.71 , 27.45 , 66.32 , 27.30 , 65.87 , 27.01 , 66.83 , 27.32 , 66.36 , 20.90 , 64.46 , 30.32 , 75.03 , 18.46 , 69.54 , 18.46 , 69.49 , 28.39 , 60.96 , 28.12 , 61.14 , 27.96 , 61.97 , 30.37 , 64.75 , 30.21 , 65.66 
4-Jul-2025,2025,July,Week-1, 19.71 , 53.37 , 21.65 , 62.48 , 27.80 , 67.81 , 28.43 , 65.38 , 28.37 , 65.69 , 28.50 , 65.92 , 20.66 , 65.01 , 30.86 , 73.56 , 18.46 , 69.48 , 18.46 , 69.50 , 29.80 , 59.22 , 29.57 , 59.09 , 29.33 , 59.77 , 32.11 , 63.02 , 31.92 , 63.69 
5-Jul-2025,2025,July,Week-1, 20.16 , 52.61 , 21.74 , 61.58 , 28.81 , 67.34 , 29.89 , 62.65 , 29.93 , 62.76 , 29.91 , 64.60 , 20.73 , 63.84 , 31.53 , 71.63 , 18.44 , 68.63 , 18.44 , 68.63 , 30.89 , 59.06 , 30.73 , 58.45 , 30.60 , 58.47 , 33.76 , 61.02 , 33.62 , 61.25 
6-Jul-2025,2025,July,Week-1, 20.77 , 61.49 , 20.22 , 62.60 , 28.90 , 66.07 , 29.54 , 63.32 , 29.44 , 63.78 , 29.59 , 63.57 , 21.38 , 65.78 , 32.24 , 67.46 , 19.20 , 70.07 , 19.19 , 70.02 , 30.45 , 59.32 , 30.16 , 59.63 , 30.09 , 59.73 , 34.19 , 58.45 , 34.02 , 58.98 
7-Jul-2025,2025,July,Week-1, 19.51 , 52.93 , 20.51 , 65.70 , 28.92 , 67.99 , 29.60 , 64.09 , 29.58 , 64.82 , 29.74 , 64.81 , 21.72 , 65.04 , 32.51 , 70.10 , 19.45 , 69.55 , 19.45 , 69.57 , 30.78 , 60.13 , 30.44 , 60.29 , 30.33 , 60.37 , 33.77 , 59.13 , 33.66 , 59.60 
8-Jul-2025,2025,July,Week-2, 19.60 , 55.10 , 21.59 , 64.20 , 28.92 , 67.74 , 29.41 , 64.90 , 29.40 , 65.58 , 29.68 , 64.53 , 21.70 , 65.13 , 32.13 , 70.32 , 19.47 , 69.85 , 19.47 , 69.88 , 30.82 , 59.58 , 30.44 , 59.92 , 30.36 , 59.87 , 33.66 , 60.24 , 33.56 , 60.50 
9-Jul-2025,2025,July,Week-2, 20.98 , 47.84 , 19.84 , 61.67 , 28.44 , 66.01 , 28.81 , 63.15 , 28.16 , 65.68 , 28.62 , 64.95 , 21.70 , 63.87 , 31.32 , 73.00 , 19.43 , 68.55 , 19.43 , 68.54 , 29.20 , 60.92 , 28.63 , 62.06 , 28.87 , 60.74 , 31.14 , 62.40 , 30.98 , 63.19 
10-Jul-2025,2025,July,Week-2, 20.54 , 49.42 , 19.17 , 64.33 , 26.82 , 68.91 , 27.14 , 66.29 , 26.69 , 68.93 , 26.86 , 68.47 , 21.03 , 62.34 , 31.75 , 73.18 , 18.48 , 67.94 , 18.48 , 67.97 , 28.01 , 62.36 , 27.65 , 63.43 , 27.77 , 62.75 , 32.85 , 60.58 , 32.77 , 60.44 
11-Jul-2025,2025,July,Week-2, 19.38 , 54.18 , 19.25 , 64.04 , 26.79 , 66.83 , 27.35 , 63.15 , 26.90 , 64.77 , 27.13 , 65.75 , 20.00 , 61.02 , 32.01 , 72.24 , 17.43 , 66.61 , 17.43 , 66.62 , 27.98 , 60.32 , 27.50 , 61.26 , 27.62 , 60.41 , 34.06 , 54.87 , 33.95 , 55.64 
12-Jul-2025,2025,July,Week-2, 18.92 , 57.08 , 19.30 , 65.96 , 28.01 , 67.18 , 29.24 , 60.86 , 29.25 , 62.87 , 29.16 , 64.16 , 19.86 , 62.30 , 32.39 , 70.54 , 17.43 , 67.73 , 17.43 , 67.69 , 30.31 , 58.21 , 29.96 , 58.74 , 30.15 , 57.25 , 34.33 , 56.43 , 34.18 , 56.93 
13-Jul-2025,2025,July,Week-2, 20.24 , 52.45 , 20.20 , 68.54 , 28.90 , 65.93 , 29.87 , 59.87 , 29.88 , 61.96 , 29.80 , 63.95 , 19.94 , 62.15 , 32.50 , 69.24 , 17.43 , 67.95 , 17.43 , 67.96 , 30.98 , 58.09 , 30.69 , 57.95 , 30.81 , 56.72 , 34.17 , 58.00 , 34.07 , 58.42 
14-Jul-2025,2025,July,Week-2, 20.66 , 50.94 , 21.35 , 68.25 , 29.14 , 64.48 , 29.64 , 60.38 , 29.62 , 60.74 , 29.65 , 62.17 , 19.77 , 62.48 , 31.90 , 70.33 , 17.42 , 67.53 , 17.42 , 67.48 , 31.08 , 55.90 , 30.78 , 56.43 , 30.77 , 56.36 , 33.60 , 59.32 , 33.48 , 59.64 
15-Jul-2025,2025,July,Week-3, 19.28 , 52.41 , 21.36 , 60.97 , 29.33 , 63.06 , 29.90 , 58.74 , 29.88 , 59.39 , 29.92 , 60.56 , 19.73 , 61.84 , 32.18 , 70.86 , 17.40 , 67.46 , 17.40 , 67.46 , 31.18 , 56.69 , 30.96 , 56.40 , 30.93 , 55.60 , 34.07 , 60.82 , 33.97 , 60.97 
16-Jul-2025,2025,July,Week-3, 19.76 , 53.54 , 19.22 , 57.47 , 29.57 , 61.85 , 30.40 , 56.52 , 30.38 , 57.97 , 30.39 , 59.37 , 19.69 , 61.75 , 32.62 , 71.00 , 17.39 , 67.07 , 17.39 , 67.02 , 31.35 , 55.58 , 31.18 , 54.85 , 31.16 , 53.99 , 34.24 , 59.90 , 34.10 , 60.08 
17-Jul-2025,2025,July,Week-3, 20.39 , 52.93 , 19.85 , 62.33 , 29.74 , 62.29 , 30.21 , 59.19 , 30.23 , 60.00 , 30.25 , 60.46 , 19.85 , 61.08 , 33.08 , 70.18 , 17.38 , 66.73 , 17.38 , 66.76 , 31.57 , 55.34 , 31.34 , 55.05 , 31.33 , 54.27 , 34.91 , 58.75 , 34.75 , 58.83 
18-Jul-2025,2025,July,Week-3, 20.75 , 52.62 , 20.95 , 59.44 , 29.86 , 61.07 , 30.45 , 57.79 , 30.47 , 58.74 , 30.63 , 57.75 , 19.72 , 60.75 , 32.89 , 68.45 , 17.38 , 66.03 , 17.39 , 66.02 , 31.72 , 53.75 , 31.51 , 53.25 , 31.48 , 52.65 , 35.44 , 55.39 , 35.23 , 55.67 
19-Jul-2025,2025,July,Week-3, 20.71 , 52.07 , 21.04 , 58.68 , 30.07 , 60.49 , 30.78 , 56.33 , 30.76 , 57.35 , 30.87 , 57.78 , 19.89 , 61.09 , 32.88 , 67.66 , 17.41 , 66.90 , 17.41 , 66.89 , 31.93 , 53.40 , 31.71 , 52.88 , 31.73 , 52.04 , 34.78 , 56.75 , 34.68 , 57.00 
20-Jul-2025,2025,July,Week-3, 20.72 , 51.62 , 21.05 , 58.28 , 30.17 , 58.60 , 30.85 , 54.43 , 30.82 , 55.76 , 30.88 , 56.72 , 19.74 , 61.08 , 33.07 , 70.34 , 17.40 , 66.25 , 17.41 , 66.22 , 31.99 , 51.66 , 31.75 , 51.38 , 31.76 , 50.75 , 35.23 , 54.31 , 35.03 , 54.79 
21-Jul-2025,2025,July,Week-3, 20.55 , 55.00 , 20.41 , 64.04 , 30.07 , 58.96 , 30.70 , 54.65 , 30.60 , 55.75 , 30.56 , 57.56 , 19.92 , 60.74 , 33.14 , 70.30 , 17.42 , 66.65 , 17.42 , 66.64 , 31.57 , 52.86 , 31.40 , 52.14 , 31.29 , 52.29 , 33.49 , 56.49 , 33.44 , 56.95 
22-Jul-2025,2025,July,Week-4, 21.41 , 52.46 , 21.10 , 64.91 , 30.17 , 58.38 , 30.93 , 53.99 , 30.83 , 56.11 , 30.92 , 57.01 , 19.75 , 61.28 , 33.82 , 67.18 , 17.42 , 66.56 , 17.42 , 66.57 , 31.95 , 51.98 , 31.79 , 51.03 , 31.79 , 50.40 , 33.55 , 56.57 , 33.55 , 56.53 
23-Jul-2025,2025,July,Week-4, 22.62 , 49.67 , 20.19 , 59.92 , 30.34 , 58.47 , 31.11 , 53.99 , 31.03 , 55.87 , 31.10 , 57.17 , 19.91 , 61.17 , 34.05 , 67.44 , 17.40 , 67.01 , 17.40 , 67.05 , 32.18 , 52.21 , 31.93 , 51.48 , 31.93 , 50.56 , 34.06 , 55.32 , 33.99 , 55.85 
24-Jul-2025,2025,July,Week-4, 20.34 , 50.78 , 18.79 , 60.18 , 30.01 , 59.37 , 30.41 , 56.85 , 30.24 , 58.01 , 30.33 , 58.44 , 19.78 , 61.82 , 34.14 , 67.46 , 17.42 , 67.21 , 17.42 , 67.19 , 31.43 , 54.02 , 31.08 , 54.18 , 31.24 , 52.67 , 33.09 , 58.16 , 33.04 , 58.79 
25-Jul-2025,2025,July,Week-4, 18.50 , 55.03 , 18.34 , 60.86 , 29.89 , 61.82 , 30.67 , 56.38 , 30.64 , 57.85 , 30.61 , 59.98 , 19.93 , 61.49 , 33.84 , 65.47 , 17.41 , 67.60 , 17.40 , 67.61 , 31.69 , 55.32 , 31.36 , 55.29 , 31.48 , 54.09 , 33.59 , 59.13 , 33.58 , 59.04 
26-Jul-2025,2025,July,Week-4, 18.46 , 54.40 , 18.99 , 62.33 , 30.12 , 61.17 , 30.95 , 55.72 , 30.93 , 57.29 , 30.91 , 58.89 , 19.80 , 61.45 , 33.31 , 68.51 , 17.40 , 67.09 , 17.39 , 67.08 , 31.95 , 54.56 , 31.70 , 54.09 , 31.77 , 53.07 , 34.40 , 58.47 , 34.24 , 58.81 
27-Jul-2025,2025,July,Week-4, 18.48 , 54.73 , 21.11 , 62.52 , 30.32 , 62.06 , 31.16 , 56.22 , 31.14 , 57.64 , 31.11 , 59.46 , 19.99 , 60.84 , 33.35 , 65.89 , 17.38 , 67.34 , 17.38 , 67.32 , 32.14 , 55.60 , 31.93 , 55.17 , 31.97 , 54.39 , 34.86 , 58.55 , 34.75 , 58.87 
28-Jul-2025,2025,July,Week-4, 18.48 , 54.24 , 21.75 , 62.49 , 30.55 , 60.85 , 31.37 , 54.99 , 31.35 , 56.42 , 31.32 , 58.53 , 19.75 , 60.81 , 33.09 , 68.19 , 17.37 , 66.30 , 17.37 , 66.31 , 32.41 , 53.81 , 32.19 , 53.83 , 32.18 , 53.51 , 35.17 , 58.20 , 34.98 , 58.44 
29-Jul-2025,2025,July,Week-5, 18.38 , 55.02 , 21.89 , 61.93 , 30.78 , 61.93 , 31.56 , 57.42 , 31.63 , 56.58 , 31.54 , 59.51 , 19.94 , 61.50 , 32.62 , 71.00 , 17.40 , 67.95 , 17.40 , 67.94 , 32.63 , 55.23 , 32.44 , 54.80 , 32.42 , 54.34 , 35.09 , 57.92 , 34.95 , 58.19 
30-Jul-2025,2025,July,Week-5, 19.49 , 56.68 , 20.67 , 61.35 , 30.86 , 61.05 , 31.54 , 57.85 , 31.62 , 56.85 , 31.53 , 59.54 , 19.75 , 61.94 , 33.08 , 70.18 , 17.40 , 67.69 , 17.40 , 67.69 , 32.67 , 54.35 , 32.49 , 53.58 , 32.43 , 53.03 , 35.03 , 57.21 , 34.88 , 57.57 
31-Jul-2025,2025,July,Week-5, 20.88 , 56.35 , 21.78 , 66.19 , 30.81 , 60.60 , 31.41 , 57.64 , 31.50 , 56.16 , 31.39 , 59.34 , 19.97 , 60.82 , 32.89 , 68.45 , 17.39 , 67.38 , 17.39 , 67.43 , 32.58 , 53.83 , 32.40 , 53.25 , 32.36 , 52.83 , 34.74 , 56.52 , 34.63 , 56.86 
1-Aug-2025,2025,August,Week-1, 21.15 , 52.70 , 22.76 , 63.00 , 30.68 , 60.30 , 31.22 , 57.42 , 31.27 , 56.25 , 31.21 , 58.62 , 19.76 , 60.67 , 32.38 , 65.80 , 17.38 , 66.26 , 17.38 , 66.26 , 32.40 , 53.83 , 32.21 , 53.17 , 32.21 , 52.50 , 33.73 , 58.92 , 33.42 , 59.98 
2-Aug-2025,2025,August,Week-1, 19.84 , 48.25 , 21.08 , 62.21 , 30.57 , 60.29 , 31.11 , 57.35 , 31.16 , 57.21 , 31.14 , 58.21 , 20.01 , 60.68 , 32.68 , 64.90 , 17.41 , 66.98 , 17.40 , 66.97 , 32.34 , 53.47 , 32.10 , 53.13 , 31.86 , 53.60 , 34.50 , 57.08 , 34.30 , 57.90 
3-Aug-2025,2025,August,Week-1, 20.14 , 48.80 , 20.31 , 64.68 , 30.57 , 60.53 , 31.21 , 57.46 , 31.26 , 57.28 , 31.19 , 58.73 , 19.72 , 61.16 , 32.78 , 66.99 , 17.39 , 66.77 , 17.38 , 66.76 , 32.33 , 54.10 , 32.09 , 53.57 , 32.12 , 52.66 , 34.52 , 58.74 , 34.37 , 59.04 
4-Aug-2025,2025,August,Week-1, 20.41 , 45.68 , 20.29 , 65.45 , 30.48 , 60.52 , 31.02 , 57.92 , 31.07 , 57.46 , 31.05 , 58.41 , 20.06 , 60.81 , 32.81 , 65.91 , 17.39 , 67.30 , 17.39 , 67.29 , 32.19 , 54.56 , 31.94 , 54.04 , 31.92 , 53.47 , 34.57 , 58.03 , 34.46 , 58.32 
5-Aug-2025,2025,August,Week-1, 20.16 , 46.98 , 20.31 , 65.92 , 30.20 , 60.69 , 30.63 , 57.37 , 30.61 , 58.27 , 30.69 , 59.34 , 19.75 , 60.91 , 32.43 , 66.94 , 17.39 , 66.52 , 17.39 , 66.53 , 31.88 , 55.28 , 31.64 , 54.50 , 31.68 , 53.18 , 34.07 , 59.04 , 33.97 , 59.33 
6-Aug-2025,2025,August,Week-1, 20.64 , 54.83 , 20.31 , 65.62 , 29.99 , 60.40 , 30.34 , 58.14 , 30.38 , 58.80 , 30.43 , 59.08 , 19.98 , 61.90 , 32.23 , 65.46 , 17.41 , 68.09 , 17.41 , 68.09 , 31.63 , 54.63 , 31.41 , 54.12 , 31.41 , 53.54 , 33.91 , 57.74 , 33.86 , 58.04 
7-Aug-2025,2025,August,Week-1, 21.43 , 48.62 , 20.77 , 61.55 , 29.89 , 61.16 , 30.29 , 58.51 , 30.34 , 59.11 , 30.38 , 59.54 , 19.71 , 62.16 , 32.34 , 67.76 , 17.40 , 67.60 , 17.40 , 67.63 , 31.54 , 55.55 , 31.37 , 54.78 , 31.44 , 53.39 , 34.01 , 59.61 , 33.92 , 59.88 
8-Aug-2025,2025,August,Week-2, 21.17 , 49.80 , 20.10 , 60.56 , 29.82 , 61.84 , 29.91 , 62.45 , 29.94 , 62.48 , 30.02 , 63.11 , 19.95 , 62.50 , 32.20 , 69.38 , 17.43 , 68.84 , 17.43 , 68.87 , 31.47 , 56.56 , 31.32 , 55.52 , 31.31 , 54.52 , 33.98 , 60.62 , 33.92 , 60.62 
9-Aug-2025,2025,August,Week-2, 19.85 , 53.01 , 21.09 , 67.22 , 29.55 , 57.81 , 29.92 , 57.36 , 29.90 , 57.85 , 30.05 , 57.44 , 19.67 , 62.51 , 32.21 , 68.71 , 17.48 , 67.88 , 17.47 , 67.87 , 31.16 , 54.42 , 30.99 , 53.10 , 31.02 , 51.81 , 33.93 , 60.12 , 33.83 , 60.34 
10-Aug-2025,2025,August,Week-2, 20.67 , 53.43 , 20.91 , 63.48 , 29.57 , 61.35 , 29.95 , 59.17 , 29.98 , 59.84 , 30.06 , 59.95 , 19.98 , 61.87 , 32.23 , 66.86 , 17.41 , 68.17 , 17.41 , 68.19 , 31.30 , 55.67 , 31.10 , 54.84 , 31.09 , 54.07 , 33.96 , 58.75 , 33.91 , 59.06 
11-Aug-2025,2025,August,Week-2, 21.04 , 52.73 , 21.32 , 69.70 , 29.52 , 61.80 , 30.04 , 58.74 , 30.08 , 59.32 , 30.12 , 59.70 , 19.72 , 61.99 , 32.28 , 67.87 , 17.41 , 67.27 , 17.41 , 67.26 , 31.23 , 55.59 , 31.03 , 55.15 , 31.06 , 54.09 , 33.93 , 59.58 , 33.82 , 59.79 
12-Aug-2025,2025,August,Week-2, 21.16 , 52.24 , 21.42 , 70.08 , 29.37 , 61.25 , 29.43 , 62.53 , 29.44 , 62.56 , 29.58 , 61.70 , 19.97 , 62.48 , 32.15 , 66.98 , 17.45 , 68.64 , 17.44 , 68.62 , 31.04 , 55.83 , 30.85 , 55.20 , 30.74 , 55.01 , 33.88 , 58.91 , 33.81 , 59.23 
13-Aug-2025,2025,August,Week-2, 20.99 , 52.78 , 20.03 , 62.90 , 28.84 , 63.52 , 28.87 , 63.68 , 28.85 , 64.37 , 29.10 , 62.83 , 19.60 , 63.12 , 31.60 , 67.54 , 17.43 , 68.14 , 17.43 , 68.14 , 30.53 , 57.08 , 30.29 , 56.65 , 30.17 , 56.62 , 33.34 , 59.19 , 33.22 , 59.45 
14-Aug-2025,2025,August,Week-2, 20.98 , 53.23 , 19.37 , 63.56 , 28.37 , 52.58 , 28.34 , 54.28 , 28.35 , 54.69 , 28.47 , 53.06 , 19.77 , 61.21 , 31.36 , 65.06 , 17.56 , 66.36 , 17.56 , 66.35 , 29.87 , 49.47 , 29.68 , 49.29 , 29.70 , 47.93 , 33.10 , 57.26 , 33.04 , 57.65 
15-Aug-2025,2025,August,Week-3, 19.30 , 50.75 , 20.57 , 64.42 , 27.93 , 54.09 , 28.36 , 53.17 , 28.37 , 53.79 , 28.43 , 53.07 , 19.61 , 62.64 , 31.16 , 61.73 , 17.49 , 67.06 , 17.49 , 67.07 , 29.62 , 49.34 , 29.41 , 48.94 , 29.35 , 48.67 , 32.82 , 54.33 , 32.73 , 54.80 
16-Aug-2025,2025,August,Week-3, 20.87 , 52.80 , 20.79 , 64.13 , 28.35 , 63.21 , 28.94 , 59.60 , 28.98 , 60.55 , 29.06 , 60.02 , 20.12 , 64.46 , 31.17 , 65.54 , 17.51 , 70.56 , 17.51 , 70.56 , 30.23 , 56.08 , 30.01 , 55.23 , 29.92 , 55.27 , 32.85 , 57.87 , 32.79 , 58.29 
17-Aug-2025,2025,August,Week-3, 22.49 , 49.35 , 20.18 , 65.45 , 28.61 , 61.65 , 29.21 , 58.30 , 29.24 , 58.89 , 29.29 , 59.41 , 20.05 , 63.41 , 31.10 , 67.82 , 17.43 , 69.49 , 17.44 , 69.50 , 30.46 , 54.79 , 30.30 , 54.11 , 30.31 , 53.36 , 32.74 , 59.68 , 32.66 , 59.98 
18-Aug-2025,2025,August,Week-3, 20.69 , 49.81 , 20.29 , 66.35 , 28.89 , 61.77 , 29.08 , 61.48 , 29.10 , 61.40 , 29.21 , 61.59 , 20.12 , 64.31 , 31.53 , 66.39 , 17.50 , 70.54 , 17.50 , 70.59 , 30.62 , 55.47 , 30.52 , 54.72 , 30.50 , 53.69 , 33.40 , 57.78 , 33.29 , 58.36 
19-Aug-2025,2025,August,Week-3, 19.29 , 53.22 , 20.44 , 68.41 , 28.48 , 62.87 , 28.12 , 66.94 , 28.07 , 66.70 , 28.34 , 65.75 , 20.33 , 66.72 , 31.39 , 68.58 , 18.14 , 71.28 , 18.14 , 71.22 , 30.15 , 57.27 , 29.92 , 56.75 , 29.78 , 56.92 , 33.28 , 59.43 , 33.20 , 59.65 
20-Aug-2025,2025,August,Week-3, 21.04 , 47.55 , 21.68 , 68.44 , 28.19 , 59.04 , 28.10 , 63.21 , 28.07 , 63.31 , 28.29 , 61.43 , 21.46 , 66.70 , 30.85 , 70.94 , 19.47 , 71.04 , 19.47 , 71.03 , 29.81 , 56.13 , 29.65 , 54.98 , 29.54 , 54.57 , 32.74 , 61.50 , 32.68 , 61.82 
21-Aug-2025,2025,August,Week-3, 21.83 , 41.81 , 22.56 , 65.96 , 28.07 , 63.72 , 28.19 , 64.30 , 28.16 , 64.75 , 28.35 , 64.11 , 21.74 , 66.92 , 30.61 , 69.92 , 19.51 , 71.34 , 19.51 , 71.38 , 29.86 , 56.98 , 29.65 , 56.52 , 29.57 , 56.30 , 32.42 , 60.87 , 32.31 , 61.32 
22-Aug-2025,2025,August,Week-4, 21.85 , 40.78 , 22.49 , 65.14 , 28.46 , 63.57 , 29.10 , 60.95 , 29.13 , 61.63 , 29.16 , 62.15 , 21.81 , 66.60 , 30.98 , 71.25 , 19.51 , 71.20 , 19.51 , 71.44 , 30.33 , 56.21 , 30.15 , 55.38 , 30.18 , 54.83 , 32.80 , 61.79 , 32.71 , 62.13 
23-Aug-2025,2025,August,Week-4, 20.94 , 50.35 , 20.60 , 59.42 , 28.91 , 63.88 , 29.59 , 60.58 , 29.63 , 61.35 , 29.64 , 62.16 , 21.93 , 65.75 , 31.44 , 70.96 , 19.50 , 71.11 , 19.51 , 71.10 , 30.79 , 56.79 , 30.65 , 55.74 , 30.69 , 55.19 , 33.17 , 61.92 , 33.08 , 62.25 
24-Aug-2025,2025,August,Week-4, 20.35 , 54.57 , 19.21 , 61.52 , 29.29 , 62.70 , 29.91 , 59.90 , 29.97 , 60.52 , 29.97 , 60.70 , 21.97 , 65.48 , 32.06 , 69.25 , 19.50 , 71.01 , 19.50 , 71.02 , 31.12 , 55.78 , 30.97 , 54.93 , 31.02 , 54.19 , 33.84 , 60.42 , 33.77 , 60.86 
25-Aug-2025,2025,August,Week-4, 19.74 , 52.13 , 20.33 , 64.14 , 29.51 , 62.00 , 29.88 , 60.51 , 29.91 , 60.99 , 29.97 , 60.79 , 21.98 , 65.38 , 32.25 , 68.71 , 19.52 , 70.72 , 19.52 , 70.74 , 31.31 , 54.99 , 31.15 , 54.35 , 31.22 , 53.55 , 34.01 , 60.11 , 33.93 , 60.44 
26-Aug-2025,2025,August,Week-4, 19.50 , 52.35 , 19.35 , 61.70 , 29.46 , 61.54 , 29.72 , 60.84 , 29.74 , 61.42 , 29.83 , 61.06 , 21.93 , 65.42 , 32.34 , 65.21 , 19.51 , 70.66 , 19.51 , 70.69 , 31.26 , 54.46 , 31.02 , 53.92 , 31.06 , 53.33 , 34.10 , 57.18 , 34.05 , 57.51 
27-Aug-2025,2025,August,Week-4, 19.48 , 50.79 , 19.28 , 61.92 , 29.47 , 59.98 , 29.81 , 58.92 , 29.84 , 59.46 , 29.92 , 58.94 , 21.94 , 64.49 , 32.13 , 62.20 , 19.51 , 69.38 , 19.51 , 69.37 , 31.26 , 52.21 , 31.04 , 52.11 , 31.06 , 51.78 , 33.81 , 54.75 , 33.73 , 55.15 
28-Aug-2025,2025,August,Week-4, 19.51 , 51.71 , 19.25 , 62.32 , 29.62 , 60.95 , 30.12 , 59.02 , 30.17 , 59.44 , 30.21 , 59.23 , 22.01 , 64.70 , 32.54 , 65.85 , 19.51 , 70.18 , 19.51 , 70.16 , 31.42 , 54.20 , 31.23 , 53.51 , 31.29 , 52.67 , 34.28 , 57.63 , 34.20 , 57.87 
29-Aug-2025,2025,August,Week-5, 20.72 , 55.20 , 19.35 , 63.72 , 29.71 , 63.60 , 30.24 , 61.51 , 30.28 , 61.99 , 30.31 , 61.76 , 22.02 , 65.18 , 32.36 , 66.26 , 19.51 , 70.62 , 19.51 , 70.67 , 31.55 , 56.14 , 31.32 , 55.86 , 31.35 , 55.38 , 33.95 , 58.49 , 33.89 , 58.70 
30-Aug-2025,2025,August,Week-5, 20.92 , 54.79 , 19.34 , 63.17 , 29.78 , 62.47 , 30.16 , 61.00 , 30.21 , 61.67 , 30.27 , 61.33 , 22.02 , 64.91 , 32.29 , 66.36 , 19.49 , 70.79 , 19.50 , 70.83 , 31.60 , 55.05 , 31.37 , 54.47 , 31.42 , 53.94 , 33.91 , 58.51 , 33.86 , 58.82 
31-Aug-2025,2025,August,Week-5, 19.96 , 51.43 , 21.23 , 67.21 , 29.77 , 63.15 , 30.08 , 62.29 , 30.12 , 62.75 , 30.20 , 62.46 , 22.01 , 65.06 , 32.20 , 67.54 , 19.52 , 70.55 , 19.52 , 70.61 , 31.58 , 55.63 , 31.36 , 55.10 , 31.42 , 54.60 , 33.85 , 59.44 , 33.78 , 59.76 
1-Sep-2025,2025,September,Week-1, 19.55 , 53.06 , 20.47 , 58.77 , 29.81 , 63.63 , 30.03 , 63.12 , 30.07 , 63.53 , 30.14 , 63.68 , 21.95 , 65.25 , 32.39 , 65.77 , 19.49 , 70.86 , 19.49 , 70.87 , 31.61 , 56.23 , 31.40 , 55.82 , 31.47 , 55.03 , 34.15 , 57.70 , 34.09 , 58.07 
2-Sep-2025,2025,September,Week-1, 20.91 , 51.48 , 20.58 , 63.17 , 29.78 , 64.01 , 29.90 , 64.51 , 29.93 , 64.39 , 30.02 , 64.61 , 21.95 , 64.74 , 32.08 , 67.00 , 19.52 , 70.31 , 19.52 , 70.32 , 31.57 , 56.50 , 31.36 , 56.10 , 31.46 , 55.54 , 33.81 , 58.72 , 33.76 , 59.05 
3-Sep-2025,2025,September,Week-1, 21.20 , 53.19 , 20.80 , 62.58 , 29.52 , 61.99 , 29.57 , 62.71 , 29.57 , 62.84 , 29.65 , 63.08 , 22.38 , 61.57 , 31.56 , 67.02 , 19.50 , 69.53 , 19.50 , 69.75 , 31.04 , 56.52 , 30.77 , 56.28 , 30.84 , 55.46 , 32.96 , 59.74 , 32.85 , 60.33 
4-Sep-2025,2025,September,Week-1, 20.51 , 56.46 , 21.83 , 62.79 , 29.47 , 64.83 , 29.79 , 63.56 , 29.81 , 64.18 , 29.87 , 64.55 , 22.33 , 61.31 , 31.57 , 70.75 , 19.51 , 69.22 , 19.50 , 69.24 , 31.23 , 57.55 , 30.94 , 57.35 , 30.98 , 56.63 , 33.26 , 62.11 , 33.19 , 62.22 
5-Sep-2025,2025,September,Week-1, 20.68 , 56.69 , 21.96 , 61.47 , 29.63 , 62.79 , 29.97 , 61.25 , 30.00 , 61.99 , 30.07 , 61.92 , 22.49 , 61.18 , 31.99 , 67.70 , 19.48 , 69.74 , 19.48 , 69.74 , 31.41 , 55.95 , 31.20 , 55.21 , 31.27 , 54.35 , 33.73 , 59.29 , 33.68 , 59.65 
6-Sep-2025,2025,September,Week-1, 20.63 , 53.70 , 21.92 , 60.32 , 29.74 , 61.85 , 30.16 , 60.00 , 30.19 , 60.38 , 30.25 , 60.34 , 22.36 , 61.54 , 32.20 , 68.16 , 19.49 , 69.10 , 19.50 , 69.12 , 31.50 , 54.82 , 31.35 , 54.18 , 31.37 , 53.50 , 33.89 , 59.63 , 33.79 , 59.85 
7-Sep-2025,2025,September,Week-1, 20.63 , 54.80 , 21.89 , 60.52 , 29.76 , 60.52 , 30.17 , 59.01 , 30.20 , 59.64 , 30.27 , 59.13 , 22.48 , 60.27 , 32.43 , 64.02 , 19.48 , 68.57 , 19.49 , 68.56 , 31.52 , 53.64 , 31.33 , 53.19 , 31.35 , 52.49 , 34.07 , 56.26 , 34.00 , 56.46 
8-Sep-2025,2025,September,Week-2, 19.02 , 54.78 , 21.85 , 60.40 , 29.78 , 59.95 , 29.96 , 59.74 , 29.97 , 60.22 , 30.07 , 59.97 , 22.45 , 59.76 , 32.35 , 65.52 , 19.50 , 68.23 , 19.50 , 68.22 , 31.53 , 52.87 , 31.37 , 52.40 , 31.37 , 51.82 , 34.06 , 57.54 , 33.98 , 57.93 
9-Sep-2025,2025,September,Week-2, 17.72 , 58.71 , 20.17 , 59.71 , 29.87 , 60.81 , 30.02 , 61.01 , 30.05 , 61.20 , 30.14 , 61.07 , 22.31 , 61.84 , 32.56 , 68.95 , 19.48 , 69.39 , 19.47 , 69.38 , 31.58 , 55.05 , 31.41 , 54.02 , 31.46 , 52.93 , 34.37 , 59.94 , 34.30 , 60.15 
10-Sep-2025,2025,September,Week-2, 17.99 , 57.68 , 19.36 , 62.20 , 29.20 , 62.70 , 29.17 , 62.56 , 28.93 , 63.78 , 29.16 , 63.62 , 21.90 , 60.22 , 32.62 , 67.26 , 19.29 , 66.03 , 19.29 , 66.03 , 30.28 , 57.78 , 30.09 , 57.41 , 30.06 , 56.72 , 34.28 , 59.09 , 34.11 , 59.60 
11-Sep-2025,2025,September,Week-2, 19.87 , 54.15 , 20.12 , 56.46 , 27.88 , 61.45 , 27.42 , 64.46 , 27.06 , 65.41 , 27.40 , 64.22 , 20.01 , 62.01 , 31.61 , 67.04 , 18.47 , 64.91 , 18.46 , 64.87 , 29.12 , 55.62 , 28.97 , 54.72 , 28.51 , 55.19 , 33.10 , 58.39 , 33.16 , 57.55 
12-Sep-2025,2025,September,Week-2, 20.34 , 55.39 , 20.08 , 58.82 , 27.71 , 67.37 , 28.10 , 66.53 , 28.09 , 66.96 , 28.21 , 66.57 , 20.39 , 66.71 , 31.89 , 69.43 , 19.66 , 62.79 , 19.66 , 62.78 , 30.76 , 54.22 , 31.01 , 52.42 , 29.59 , 55.34 , 35.05 , 55.30 , 35.27 , 52.30 
13-Sep-2025,2025,September,Week-2, 20.41 , 53.20 , 19.56 , 62.99 , 28.20 , 65.69 , 28.76 , 63.26 , 28.80 , 63.95 , 28.88 , 63.09 , 20.66 , 63.27 , 31.68 , 68.86 , 18.98 , 62.27 , 18.98 , 62.34 , 31.38 , 51.37 , 31.68 , 49.18 , 30.28 , 52.13 , 34.85 , 54.70 , 35.24 , 51.14 
14-Sep-2025,2025,September,Week-2, 20.63 , 53.48 , 19.35 , 64.69 , 28.69 , 62.01 , 29.20 , 59.65 , 29.23 , 60.61 , 29.31 , 60.30 , 19.64 , 62.60 , 31.88 , 68.89 , 18.46 , 59.77 , 18.46 , 59.78 , 31.78 , 48.47 , 32.19 , 45.95 , 30.82 , 48.46 , 35.09 , 54.54 , 35.52 , 50.95 
15-Sep-2025,2025,September,Week-3, 20.75 , 53.79 , 19.35 , 64.27 , 29.07 , 60.92 , 29.52 , 58.94 , 29.54 , 59.84 , 29.63 , 59.54 , 19.95 , 63.88 , 32.27 , 66.76 , 18.51 , 62.88 , 18.51 , 62.95 , 32.16 , 47.63 , 32.59 , 45.04 , 31.16 , 47.58 , 35.49 , 52.88 , 35.91 , 49.30 
16-Sep-2025,2025,September,Week-3, 20.90 , 53.73 , 19.31 , 63.57 , 29.40 , 59.95 , 29.93 , 57.80 , 29.97 , 58.29 , 30.03 , 58.43 , 19.67 , 62.51 , 32.44 , 67.54 , 18.47 , 59.61 , 18.47 , 59.59 , 32.45 , 46.82 , 32.91 , 44.19 , 31.48 , 46.97 , 35.66 , 53.41 , 36.07 , 49.74 
17-Sep-2025,2025,September,Week-3, 19.84 , 52.08 , 20.81 , 63.59 , 29.79 , 59.72 , 29.97 , 59.97 , 29.98 , 60.37 , 30.09 , 59.94 , 19.95 , 63.84 , 32.62 , 65.93 , 18.50 , 63.01 , 18.50 , 62.99 , 32.83 , 47.34 , 33.26 , 44.28 , 31.88 , 46.89 , 35.83 , 52.55 , 36.21 , 49.07 
18-Sep-2025,2025,September,Week-3, 20.15 , 53.26 , 18.58 , 54.99 , 29.35 , 56.86 , 28.93 , 60.33 , 28.90 , 60.27 , 29.11 , 60.08 , 19.58 , 63.72 , 31.75 , 67.53 , 18.56 , 60.36 , 18.55 , 60.35 , 32.16 , 45.47 , 32.58 , 42.78 , 31.16 , 45.75 , 35.03 , 53.67 , 35.46 , 50.08 
19-Sep-2025,2025,September,Week-3, 20.47 , 46.39 , 18.99 , 60.91 , 28.61 , 57.50 , 28.11 , 61.72 , 28.05 , 61.55 , 28.34 , 60.89 , 20.01 , 67.21 , 31.09 , 69.64 , 19.31 , 63.21 , 19.31 , 63.19 , 31.38 , 46.07 , 31.75 , 43.55 , 30.23 , 47.31 , 34.48 , 54.90 , 34.89 , 51.31 
20-Sep-2025,2025,September,Week-3, 19.78 , 52.20 , 18.10 , 59.14 , 28.30 , 60.92 , 28.02 , 64.95 , 27.99 , 64.35 , 28.23 , 64.23 , 20.23 , 62.37 , 30.80 , 70.76 , 18.92 , 60.03 , 18.92 , 60.02 , 31.20 , 48.38 , 31.58 , 45.86 , 30.07 , 49.56 , 34.20 , 55.64 , 34.62 , 52.12 
21-Sep-2025,2025,September,Week-3, 19.87 , 56.34 , 17.36 , 61.42 , 28.10 , 59.89 , 28.25 , 60.10 , 28.26 , 61.09 , 28.41 , 60.48 , 19.07 , 60.33 , 30.77 , 71.04 , 17.41 , 60.63 , 17.41 , 60.66 , 31.00 , 48.12 , 31.43 , 44.83 , 29.97 , 47.98 , 34.11 , 56.24 , 34.50 , 52.84 
22-Sep-2025,2025,September,Week-4, 20.14 , 58.47 , 18.67 , 67.09 , 28.59 , 63.21 , 29.05 , 61.70 , 29.10 , 62.08 , 29.15 , 62.42 , 19.06 , 62.42 , 31.39 , 71.97 , 18.02 , 60.52 , 18.02 , 60.54 , 31.69 , 50.06 , 32.14 , 46.80 , 30.79 , 49.46 , 34.76 , 56.78 , 35.15 , 53.04 
23-Sep-2025,2025,September,Week-4, 20.28 , 54.67 , 19.23 , 65.32 , 28.98 , 63.02 , 29.38 , 61.49 , 29.42 , 61.78 , 29.45 , 62.02 , 22.11 , 67.32 , 31.97 , 69.57 , 21.49 , 64.42 , 21.50 , 64.49 , 32.04 , 50.69 , 32.47 , 48.07 , 31.10 , 50.70 , 35.31 , 55.00 , 35.68 , 51.52 
24-Sep-2025,2025,September,Week-4, 19.01 , 50.86 , 20.74 , 65.03 , 29.28 , 63.84 , 29.69 , 62.65 , 29.73 , 62.99 , 29.77 , 63.14 , 22.57 , 65.21 , 32.16 , 69.18 , 21.50 , 62.50 , 21.50 , 62.56 , 32.40 , 49.97 , 32.81 , 47.57 , 31.39 , 50.69 , 35.48 , 54.49 , 35.85 , 50.92 
25-Sep-2025,2025,September,Week-4, 20.47 , 49.32 , 20.20 , 60.94 , 29.60 , 63.08 , 29.96 , 62.11 , 29.98 , 62.66 , 30.06 , 62.66 , 22.67 , 67.56 , 32.81 , 67.00 , 21.50 , 65.25 , 21.51 , 65.30 , 32.70 , 49.64 , 33.11 , 47.08 , 31.69 , 50.02 , 36.14 , 52.95 , 36.46 , 49.82 
26-Sep-2025,2025,September,Week-4, 21.73 , 50.71 , 19.42 , 63.30 , 29.81 , 63.43 , 30.09 , 62.76 , 30.12 , 62.99 , 30.21 , 62.92 , 22.48 , 66.45 , 32.68 , 67.61 , 21.50 , 63.16 , 21.50 , 63.17 , 32.88 , 50.14 , 33.26 , 47.56 , 31.88 , 50.50 , 35.93 , 53.65 , 36.32 , 50.29 
27-Sep-2025,2025,September,Week-4, 21.88 , 49.63 , 19.44 , 63.28 , 30.00 , 63.34 , 30.24 , 63.20 , 30.26 , 63.39 , 30.35 , 63.43 , 22.56 , 61.87 , 32.80 , 67.80 , 20.68 , 61.96 , 20.68 , 61.97 , 33.07 , 49.99 , 33.46 , 47.26 , 32.07 , 50.07 , 36.04 , 53.90 , 36.44 , 50.61 
28-Sep-2025,2025,September,Week-4, 21.90 , 51.19 , 19.45 , 63.36 , 30.08 , 61.45 , 30.25 , 61.42 , 30.29 , 61.67 , 30.35 , 62.10 , 19.18 , 58.63 , 32.71 , 67.64 , 17.45 , 58.19 , 17.45 , 58.18 , 33.09 , 48.32 , 33.50 , 45.34 , 32.12 , 48.07 , 36.01 , 53.62 , 36.41 , 50.17 
29-Sep-2025,2025,September,Week-5, 21.86 , 48.79 , 19.32 , 63.08 , 30.06 , 58.69 , 30.16 , 58.79 , 30.19 , 59.22 , 30.27 , 59.22 , 19.09 , 61.46 , 32.85 , 66.52 , 17.42 , 61.61 , 17.42 , 61.62 , 32.95 , 46.56 , 33.38 , 43.75 , 32.02 , 46.27 , 36.14 , 52.67 , 36.53 , 49.13 
30-Sep-2025,2025,September,Week-5, 21.90 , 49.82 , 19.45 , 64.57 , 29.74 , 59.19 , 29.67 , 60.54 , 29.68 , 60.54 , 29.81 , 60.80 , 18.81 , 61.35 , 32.42 , 66.95 , 17.44 , 60.09 , 17.44 , 60.07 , 32.62 , 47.24 , 33.03 , 44.22 , 31.58 , 46.99 , 35.72 , 52.85 , 36.15 , 49.21 
1-Oct-2025,2025,October,Week-1, 21.91 , 51.58 , 19.50 , 64.89 , 29.51 , 61.48 , 29.47 , 63.35 , 29.47 , 63.31 , 29.61 , 63.42 , 18.98 , 63.04 , 32.14 , 67.62 , 17.44 , 63.20 , 17.45 , 63.21 , 32.48 , 49.21 , 32.84 , 46.27 , 31.39 , 48.92 , 35.41 , 53.79 , 35.80 , 50.02 
2-Oct-2025,2025,October,Week-1, 21.86 , 48.35 , 19.46 , 64.88 , 29.26 , 60.12 , 29.04 , 62.84 , 29.04 , 62.06 , 29.19 , 63.01 , 18.73 , 62.49 , 31.61 , 69.38 , 17.44 , 60.97 , 17.44 , 60.95 , 32.09 , 48.57 , 32.53 , 45.08 , 31.11 , 47.53 , 34.91 , 54.82 , 35.36 , 51.07 
3-Oct-2025,2025,October,Week-1, 21.88 , 48.37 , 19.39 , 64.92 , 28.96 , 59.59 , 28.93 , 60.92 , 28.95 , 61.06 , 29.06 , 61.49 , 18.88 , 63.53 , 31.52 , 69.21 , 17.46 , 63.24 , 17.46 , 63.26 , 31.81 , 48.20 , 32.25 , 44.86 , 30.80 , 47.66 , 34.82 , 54.68 , 35.23 , 51.12 
4-Oct-2025,2025,October,Week-1, 20.93 , 49.74 , 19.40 , 64.31 , 29.14 , 60.92 , 29.37 , 60.31 , 29.40 , 61.08 , 29.47 , 61.38 , 18.75 , 61.73 , 32.02 , 69.64 , 17.41 , 60.44 , 17.41 , 60.40 , 32.11 , 48.47 , 32.55 , 45.36 , 31.15 , 48.03 , 35.42 , 54.36 , 35.79 , 50.70 
5-Oct-2025,2025,October,Week-1, 18.09 , 50.55 , 19.41 , 64.07 , 29.31 , 58.99 , 29.59 , 57.95 , 29.63 , 58.65 , 29.70 , 58.72 , 18.98 , 62.62 , 32.73 , 66.97 , 17.44 , 62.54 , 17.44 , 62.53 , 32.29 , 46.65 , 32.73 , 43.62 , 31.33 , 46.05 , 36.09 , 52.71 , 36.39 , 49.38 
6-Oct-2025,2025,October,Week-1, 20.07 , 50.48 , 19.46 , 64.62 , 29.47 , 60.91 , 29.70 , 60.59 , 29.72 , 60.95 , 29.83 , 60.96 , 18.85 , 61.59 , 32.79 , 66.74 , 17.42 , 60.59 , 17.43 , 60.58 , 32.48 , 48.56 , 32.94 , 45.43 , 31.51 , 47.86 , 36.18 , 52.48 , 36.52 , 49.02 
7-Oct-2025,2025,October,Week-1, 20.81 , 45.10 , 19.25 , 64.08 , 29.56 , 58.88 , 29.66 , 59.31 , 29.68 , 59.86 , 29.81 , 59.40 , 19.03 , 62.04 , 32.57 , 66.90 , 17.37 , 62.24 , 17.37 , 62.21 , 32.51 , 47.42 , 32.97 , 43.97 , 31.57 , 46.36 , 35.85 , 53.15 , 36.21 , 49.68 
8-Oct-2025,2025,October,Week-2, 20.85 , 44.18 , 19.28 , 64.03 , 29.56 , 59.22 , 29.72 , 59.33 , 29.74 , 59.94 , 29.85 , 59.51 , 18.92 , 61.12 , 32.54 , 67.39 , 17.41 , 60.11 , 17.42 , 60.16 , 32.51 , 47.57 , 32.92 , 44.59 , 31.49 , 47.07 , 35.80 , 53.23 , 36.19 , 49.62 
9-Oct-2025,2025,October,Week-2, 20.74 , 42.39 , 19.29 , 63.27 , 29.65 , 55.21 , 29.86 , 54.84 , 29.87 , 55.07 , 29.96 , 55.32 , 19.13 , 61.95 , 32.73 , 64.58 , 17.46 , 61.83 , 17.47 , 61.86 , 32.59 , 43.69 , 33.04 , 40.82 , 31.65 , 43.20 , 35.94 , 51.24 , 36.32 , 47.70 
10-Oct-2025,2025,October,Week-2, 20.27 , 50.87 , 19.38 , 64.03 , 29.55 , 52.92 , 29.61 , 53.39 , 29.65 , 53.25 , 29.72 , 53.60 , 18.95 , 61.60 , 32.52 , 64.93 , 17.50 , 60.27 , 17.50 , 60.27 , 32.37 , 42.22 , 32.83 , 39.32 , 31.44 , 41.69 , 35.77 , 51.49 , 36.14 , 48.09 
11-Oct-2025,2025,October,Week-2, 18.74 , 58.07 , 20.57 , 65.72 , 29.44 , 56.87 , 29.58 , 56.73 , 29.58 , 57.01 , 29.67 , 57.72 , 19.09 , 62.76 , 32.60 , 65.25 , 17.46 , 62.62 , 17.46 , 62.57 , 32.33 , 45.52 , 32.78 , 42.25 , 31.34 , 44.79 , 35.80 , 51.86 , 36.19 , 48.37 
12-Oct-2025,2025,October,Week-2, 20.08 , 60.10 , 20.29 , 61.52 , 29.54 , 58.49 , 29.78 , 57.73 , 29.81 , 58.14 , 29.87 , 58.56 , 18.92 , 61.25 , 32.55 , 66.77 , 17.41 , 60.30 , 17.41 , 60.33 , 32.49 , 46.36 , 32.94 , 43.39 , 31.53 , 45.80 , 35.87 , 52.62 , 36.24 , 49.12 
13-Oct-2025,2025,October,Week-2, 20.81 , 50.65 , 20.06 , 59.08 , 29.76 , 59.58 , 30.07 , 58.44 , 30.10 , 58.94 , 30.14 , 59.96 , 19.07 , 62.44 , 32.98 , 68.19 , 17.43 , 62.36 , 17.43 , 62.39 , 32.75 , 47.66 , 33.23 , 44.16 , 31.83 , 46.49 , 36.28 , 54.04 , 36.64 , 50.53 
14-Oct-2025,2025,October,Week-2, 20.99 , 48.29 , 20.28 , 55.83 , 29.92 , 59.67 , 30.10 , 59.52 , 30.12 , 59.91 , 30.20 , 60.26 , 18.93 , 61.04 , 32.86 , 67.66 , 17.40 , 60.37 , 17.40 , 60.33 , 32.89 , 47.61 , 33.36 , 44.40 , 31.98 , 46.80 , 36.17 , 53.65 , 36.57 , 50.10 
15-Oct-2025,2025,October,Week-3, 20.80 , 44.44 , 20.31 , 56.27 , 30.09 , 58.73 , 30.21 , 59.24 , 30.24 , 59.28 , 30.30 , 60.23 , 19.02 , 61.95 , 32.99 , 69.36 , 17.41 , 61.81 , 17.41 , 61.77 , 33.05 , 47.01 , 33.50 , 43.59 , 32.17 , 45.76 , 36.27 , 54.96 , 36.66 , 51.26 
16-Oct-2025,2025,October,Week-3, 19.08 , 47.99 , 20.98 , 61.32 , 30.16 , 58.64 , 30.25 , 59.19 , 30.28 , 59.37 , 30.35 , 60.16 , 18.94 , 60.72 , 32.90 , 68.78 , 17.39 , 59.98 , 17.39 , 59.98 , 33.10 , 46.62 , 33.55 , 43.53 , 32.22 , 45.82 , 36.25 , 54.09 , 36.65 , 50.39 
17-Oct-2025,2025,October,Week-3, 17.88 , 50.98 , 21.09 , 58.64 , 30.21 , 57.32 , 30.41 , 56.54 , 30.46 , 57.16 , 30.49 , 57.68 , 19.04 , 61.71 , 33.25 , 67.31 , 17.43 , 61.50 , 17.42 , 61.49 , 33.13 , 45.61 , 33.56 , 42.62 , 32.22 , 44.81 , 36.54 , 53.33 , 36.92 , 49.60 
18-Oct-2025,2025,October,Week-3, 20.32 , 46.32 , 21.07 , 58.59 , 30.17 , 56.31 , 30.26 , 56.37 , 30.28 , 56.90 , 30.37 , 56.98 , 18.99 , 60.38 , 33.08 , 66.98 , 17.38 , 59.52 , 17.38 , 59.50 , 33.04 , 44.88 , 33.48 , 41.87 , 32.13 , 44.15 , 36.39 , 53.00 , 36.79 , 49.42 
19-Oct-2025,2025,October,Week-3, 20.05 , 45.50 , 21.09 , 58.16 , 30.08 , 55.92 , 30.19 , 56.34 , 30.21 , 56.76 , 30.31 , 56.77 , 18.95 , 61.48 , 33.34 , 66.88 , 17.41 , 60.84 , 17.41 , 60.82 , 32.94 , 44.84 , 33.38 , 41.82 , 32.02 , 44.07 , 36.64 , 52.98 , 36.99 , 49.24 
20-Oct-2025,2025,October,Week-3, 20.34 , 44.73 , 21.08 , 57.29 , 30.12 , 53.82 , 30.36 , 52.81 , 30.38 , 53.69 , 30.47 , 53.77 , 18.73 , 59.66 , 33.65 , 67.29 , 17.39 , 58.21 , 17.39 , 58.19 , 33.00 , 42.48 , 33.47 , 39.44 , 32.10 , 41.64 , 37.11 , 52.58 , 37.43 , 49.03 
21-Oct-2025,2025,October,Week-3, 20.65 , 44.72 , 21.05 , 58.23 , 30.02 , 55.71 , 30.24 , 54.32 , 30.21 , 55.01 , 30.30 , 55.85 , 18.79 , 61.38 , 34.11 , 65.25 , 17.43 , 60.80 , 17.43 , 60.85 , 32.66 , 45.66 , 33.18 , 42.17 , 31.81 , 44.36 , 37.47 , 51.74 , 37.75 , 48.40 
22-Oct-2025,2025,October,Week-4, 20.67 , 46.45 , 21.08 , 60.39 , 29.96 , 55.98 , 30.05 , 56.71 , 30.07 , 56.82 , 30.18 , 56.84 , 18.98 , 62.57 , 33.40 , 66.60 , 17.48 , 62.04 , 17.48 , 62.08 , 32.86 , 46.04 , 33.30 , 42.82 , 31.90 , 45.25 , 36.74 , 52.70 , 37.11 , 49.17 
23-Oct-2025,2025,October,Week-4, 19.76 , 51.51 , 21.05 , 61.21 , 29.60 , 59.01 , 29.39 , 62.20 , 29.38 , 62.08 , 29.58 , 60.78 , 18.95 , 62.93 , 32.71 , 66.20 , 17.46 , 62.42 , 17.46 , 62.43 , 32.43 , 49.22 , 32.81 , 46.34 , 31.37 , 48.89 , 35.88 , 52.92 , 36.29 , 49.40 
24-Oct-2025,2025,October,Week-4, 18.65 , 58.35 , 20.09 , 63.97 , 29.07 , 62.03 , 28.87 , 65.47 , 28.84 , 65.49 , 29.07 , 64.36 , 18.86 , 63.59 , 31.82 , 68.24 , 17.47 , 62.65 , 17.48 , 62.66 , 31.94 , 51.48 , 32.28 , 48.90 , 30.80 , 52.05 , 35.06 , 54.27 , 35.51 , 50.57 
25-Oct-2025,2025,October,Week-4, 18.06 , 55.84 , 19.18 , 65.61 , 28.67 , 62.22 , 28.51 , 64.79 , 28.48 , 65.05 , 28.73 , 63.70 , 18.77 , 64.09 , 31.47 , 67.78 , 17.46 , 63.12 , 17.47 , 63.09 , 31.55 , 51.09 , 31.89 , 48.62 , 30.45 , 51.67 , 34.68 , 53.90 , 35.11 , 50.30 
26-Oct-2025,2025,October,Week-4, 18.07 , 53.46 , 18.61 , 61.79 , 28.70 , 60.26 , 28.81 , 60.77 , 28.83 , 61.07 , 28.97 , 60.61 , 18.85 , 62.78 , 31.71 , 69.13 , 17.44 , 61.67 , 17.44 , 61.60 , 31.64 , 48.64 , 32.07 , 45.48 , 30.64 , 48.01 , 35.00 , 54.56 , 35.44 , 50.91 
27-Oct-2025,2025,October,Week-4, 18.76 , 52.56 , 19.73 , 63.57 , 28.73 , 59.05 , 28.86 , 59.52 , 28.88 , 59.79 , 29.02 , 59.18 , 18.82 , 63.08 , 32.19 , 67.20 , 17.44 , 62.16 , 17.44 , 62.14 , 31.70 , 47.01 , 32.12 , 44.00 , 30.69 , 46.61 , 35.46 , 53.18 , 35.83 , 49.81 
28-Oct-2025,2025,October,Week-4, 19.71 , 54.84 , 20.95 , 62.23 , 28.79 , 58.36 , 28.63 , 60.96 , 28.64 , 60.43 , 28.81 , 60.61 , 18.79 , 63.69 , 31.94 , 69.15 , 17.45 , 62.42 , 17.45 , 62.45 , 31.71 , 46.99 , 32.15 , 43.70 , 30.72 , 46.24 , 35.32 , 54.46 , 35.75 , 50.76 
29-Oct-2025,2025,October,Week-5, 20.34 , 55.71 , 21.02 , 62.04 , 28.55 , 59.34 , 28.54 , 60.93 , 28.53 , 60.91 , 28.71 , 60.68 , 18.67 , 63.94 , 31.74 , 69.49 , 17.44 , 62.57 , 17.44 , 62.55 , 31.47 , 47.88 , 31.84 , 44.58 , 30.41 , 47.38 , 35.06 , 54.85 , 35.49 , 51.25 
30-Oct-2025,2025,October,Week-5, 20.05 , 53.07 , 21.09 , 61.30 , 28.73 , 60.08 , 28.81 , 61.11 , 28.83 , 61.22 , 28.96 , 61.11 , 18.69 , 63.35 , 31.81 , 70.23 , 17.44 , 61.85 , 17.44 , 61.85 , 31.64 , 48.79 , 32.12 , 45.37 , 30.70 , 47.80 , 35.20 , 55.31 , 35.63 , 51.62 
31-Oct-2025,2025,October,Week-5, 18.73 , 49.39 , 21.09 , 60.99 , 28.63 , 58.93 , 28.64 , 60.08 , 28.63 , 60.35 , 28.79 , 60.38 , 18.68 , 63.91 , 31.62 , 68.22 , 17.45 , 62.47 , 17.45 , 62.49 , 31.53 , 47.95 , 31.94 , 44.49 , 30.53 , 47.00 , 34.89 , 54.09 , 35.29 , 50.54 
1-Nov-2025,2025,November,Week-1, 18.54 , 51.01 , 21.09 , 60.86 , 28.74 , 59.35 , 28.97 , 58.72 , 29.01 , 59.47 , 29.08 , 59.70 , 18.76 , 62.54 , 31.69 , 68.38 , 17.41 , 61.30 , 17.41 , 61.31 , 31.67 , 48.19 , 32.10 , 44.88 , 30.71 , 47.08 , 35.00 , 53.90 , 35.42 , 50.39 
2-Nov-2025,2025,November,Week-1, 17.99 , 50.83 , 21.08 , 59.76 , 28.99 , 58.91 , 29.31 , 57.70 , 29.36 , 58.42 , 29.42 , 58.51 , 18.79 , 62.55 , 32.28 , 67.98 , 17.43 , 61.50 , 17.44 , 61.50 , 31.96 , 47.45 , 32.42 , 44.04 , 31.04 , 46.21 , 35.53 , 54.03 , 35.87 , 50.74 
3-Nov-2025,2025,November,Week-1, 18.38 , 54.44 , 21.07 , 60.11 , 29.19 , 58.85 , 29.38 , 58.93 , 29.41 , 59.13 , 29.50 , 59.38 , 18.89 , 62.11 , 32.38 , 67.68 , 17.44 , 61.34 , 17.44 , 61.33 , 32.15 , 47.40 , 32.59 , 44.31 , 31.21 , 46.52 , 35.67 , 53.52 , 36.09 , 50.00 
4-Nov-2025,2025,November,Week-1, 18.67 , 56.91 , 19.32 , 58.57 , 29.12 , 58.45 , 29.20 , 58.64 , 29.22 , 59.15 , 29.33 , 59.50 , 18.84 , 62.72 , 32.37 , 66.98 , 17.44 , 61.40 , 17.44 , 61.47 , 32.03 , 47.37 , 32.46 , 44.13 , 31.05 , 46.58 , 35.60 , 53.21 , 35.95 , 49.87 
5-Nov-2025,2025,November,Week-1, 19.74 , 57.99 , 18.24 , 63.20 , 29.24 , 60.44 , 29.35 , 60.76 , 29.38 , 60.60 , 29.51 , 60.75 , 18.90 , 62.20 , 32.23 , 65.16 , 17.45 , 61.42 , 17.45 , 61.46 , 32.24 , 48.34 , 32.63 , 45.72 , 31.20 , 48.49 , 35.59 , 51.68 , 35.91 , 48.92 
6-Nov-2025,2025,November,Week-1, 20.91 , 60.15 , 18.34 , 64.88 , 29.22 , 64.03 , 29.38 , 64.38 , 29.41 , 64.07 , 29.52 , 64.26 , 18.74 , 63.24 , 31.94 , 67.49 , 17.45 , 62.24 , 17.45 , 62.23 , 32.19 , 52.11 , 32.58 , 49.43 , 31.13 , 52.07 , 35.16 , 53.65 , 35.58 , 50.01 
7-Nov-2025,2025,November,Week-1, 20.98 , 57.11 , 18.22 , 63.08 , 29.32 , 64.21 , 29.48 , 64.57 , 29.51 , 64.25 , 29.64 , 64.16 , 18.93 , 62.15 , 31.98 , 68.65 , 17.45 , 61.65 , 17.45 , 61.66 , 32.34 , 51.51 , 32.73 , 48.79 , 31.33 , 51.60 , 35.22 , 54.38 , 35.70 , 50.66 
8-Nov-2025,2025,November,Week-2, 20.73 , 56.54 , 18.42 , 64.37 , 29.27 , 62.09 , 29.09 , 65.53 , 29.09 , 65.29 , 29.28 , 64.86 , 18.77 , 63.18 , 31.96 , 68.22 , 17.47 , 62.06 , 17.47 , 62.05 , 32.21 , 50.36 , 32.56 , 47.59 , 31.08 , 51.47 , 35.14 , 54.47 , 35.58 , 50.72 
9-Nov-2025,2025,November,Week-2, 20.86 , 57.23 , 18.36 , 64.08 , 28.76 , 63.82 , 28.66 , 65.91 , 28.64 , 66.09 , 28.85 , 65.03 , 18.84 , 62.48 , 31.34 , 68.02 , 17.45 , 61.82 , 17.45 , 61.83 , 31.69 , 51.44 , 31.98 , 49.23 , 30.50 , 52.92 , 34.57 , 53.93 , 35.01 , 50.24 
10-Nov-2025,2025,November,Week-2, 21.08 , 57.56 , 19.12 , 65.40 , 28.93 , 65.93 , 29.10 , 65.36 , 29.13 , 65.01 , 29.27 , 65.38 , 18.81 , 63.20 , 31.74 , 68.25 , 17.46 , 62.50 , 17.46 , 62.54 , 31.97 , 52.84 , 32.37 , 50.20 , 30.91 , 53.32 , 34.87 , 54.51 , 35.27 , 50.98 
11-Nov-2025,2025,November,Week-2, 19.76 , 55.12 , 18.29 , 63.85 , 29.00 , 64.80 , 29.08 , 66.58 , 29.09 , 66.11 , 29.27 , 65.12 , 18.94 , 61.99 , 31.63 , 68.78 , 17.44 , 61.72 , 17.45 , 61.72 , 32.07 , 52.18 , 32.42 , 49.65 , 30.95 , 52.67 , 34.81 , 54.86 , 35.28 , 51.02 
12-Nov-2025,2025,November,Week-2, 20.26 , 53.99 , 19.69 , 66.02 , 28.78 , 64.91 , 28.72 , 67.54 , 28.73 , 67.59 , 28.96 , 65.76 , 18.76 , 63.33 , 31.24 , 69.55 , 17.48 , 62.65 , 17.48 , 62.61 , 31.75 , 53.08 , 32.09 , 50.61 , 30.59 , 54.30 , 34.31 , 55.79 , 34.74 , 52.13 
13-Nov-2025,2025,November,Week-2, 21.35 , 57.18 , 19.50 , 64.33 , 28.60 , 66.19 , 28.53 , 68.98 , 28.53 , 68.69 , 28.77 , 67.44 , 18.87 , 63.39 , 30.80 , 69.93 , 17.44 , 63.31 , 17.44 , 63.30 , 31.57 , 54.05 , 31.91 , 51.48 , 30.41 , 55.09 , 33.95 , 55.77 , 34.45 , 51.95 
14-Nov-2025,2025,November,Week-2, 19.92 , 56.50 , 18.32 , 63.06 , 28.49 , 66.00 , 28.43 , 68.37 , 28.43 , 68.30 , 28.65 , 67.39 , 18.67 , 63.85 , 30.63 , 70.96 , 17.47 , 62.71 , 17.47 , 62.71 , 31.47 , 53.63 , 31.79 , 50.94 , 30.35 , 54.37 , 33.74 , 56.82 , 34.23 , 52.95 
15-Nov-2025,2025,November,Week-3, 18.46 , 53.46 , 19.85 , 59.29 , 28.36 , 63.55 , 28.41 , 65.72 , 28.41 , 65.89 , 28.64 , 64.04 , 18.90 , 62.53 , 30.72 , 70.85 , 17.45 , 61.91 , 17.46 , 61.88 , 31.37 , 50.94 , 31.71 , 48.44 , 30.24 , 52.20 , 33.94 , 56.32 , 34.40 , 52.59 
16-Nov-2025,2025,November,Week-3, 18.46 , 55.64 , 19.95 , 58.23 , 28.53 , 66.97 , 28.65 , 68.65 , 28.66 , 68.54 , 28.87 , 66.69 , 18.69 , 63.48 , 31.27 , 71.45 , 17.46 , 62.53 , 17.45 , 62.52 , 31.58 , 54.18 , 31.96 , 51.56 , 30.54 , 54.74 , 34.43 , 57.07 , 34.85 , 53.30 
17-Nov-2025,2025,November,Week-3, 18.55 , 55.65 , 19.88 , 57.04 , 28.78 , 66.23 , 29.02 , 66.13 , 29.04 , 66.18 , 29.21 , 65.52 , 18.97 , 62.20 , 31.54 , 69.61 , 17.45 , 61.97 , 17.46 , 62.00 , 31.88 , 52.78 , 32.26 , 50.32 , 30.84 , 53.43 , 34.79 , 55.20 , 35.23 , 51.38 
18-Nov-2025,2025,November,Week-3, 18.73 , 54.36 , 19.94 , 57.65 , 28.94 , 61.32 , 28.89 , 63.60 , 28.87 , 63.34 , 29.08 , 63.09 , 18.79 , 62.32 , 31.90 , 67.88 , 17.49 , 60.91 , 17.49 , 60.91 , 31.96 , 48.70 , 32.37 , 45.73 , 30.91 , 49.02 , 35.11 , 54.05 , 35.46 , 50.63 
19-Nov-2025,2025,November,Week-3, 18.83 , 54.77 , 19.97 , 58.86 , 28.33 , 61.72 , 28.06 , 63.87 , 28.03 , 64.12 , 28.31 , 62.68 , 18.85 , 62.58 , 31.29 , 69.52 , 17.45 , 61.71 , 17.46 , 61.74 , 31.20 , 48.98 , 31.53 , 46.53 , 30.00 , 50.40 , 34.62 , 55.08 , 35.00 , 51.60 
20-Nov-2025,2025,November,Week-3, 18.79 , 57.39 , 19.84 , 58.44 , 28.49 , 66.57 , 28.57 , 67.96 , 28.59 , 68.11 , 28.77 , 67.01 , 18.63 , 63.15 , 31.61 , 70.35 , 17.50 , 61.81 , 17.50 , 61.76 , 31.51 , 53.94 , 31.90 , 51.03 , 30.45 , 54.47 , 34.85 , 56.05 , 35.19 , 52.53 
21-Nov-2025,2025,November,Week-3, 20.46 , 53.30 , 19.52 , 64.85 , 28.52 , 66.16 , 28.59 , 67.21 , 28.59 , 67.57 , 28.81 , 65.63 , 18.92 , 62.22 , 31.40 , 69.81 , 17.44 , 62.09 , 17.44 , 62.02 , 31.59 , 52.50 , 31.91 , 49.97 , 30.48 , 53.59 , 34.64 , 55.35 , 35.06 , 51.75 
22-Nov-2025,2025,November,Week-4, 21.23 , 51.48 , 19.42 , 66.45 , 28.65 , 61.44 , 28.80 , 61.90 , 28.79 , 62.40 , 29.01 , 61.03 , 18.73 , 62.04 , 31.86 , 68.29 , 17.50 , 60.31 , 17.50 , 60.35 , 31.66 , 48.59 , 32.08 , 45.54 , 30.62 , 48.79 , 35.08 , 54.16 , 35.42 , 50.74 
23-Nov-2025,2025,November,Week-4, 20.57 , 56.18 , 20.09 , 66.87 , 28.82 , 61.60 , 28.92 , 62.70 , 28.93 , 63.08 , 29.10 , 62.09 , 18.90 , 62.15 , 32.12 , 68.26 , 17.44 , 61.73 , 17.44 , 61.74 , 31.79 , 50.01 , 32.22 , 46.83 , 30.78 , 49.62 , 35.44 , 53.90 , 35.83 , 50.23 
24-Nov-2025,2025,November,Week-4, 20.71 , 55.77 , 20.74 , 56.61 , 28.93 , 60.75 , 29.08 , 61.65 , 29.08 , 61.56 , 29.24 , 61.33 , 18.68 , 62.39 , 32.31 , 64.08 , 17.50 , 60.61 , 17.51 , 60.63 , 31.96 , 48.28 , 32.33 , 45.66 , 30.92 , 48.48 , 35.69 , 50.54 , 35.96 , 47.20 
25-Nov-2025,2025,November,Week-4, 20.80 , 55.97 , 20.03 , 54.24 , 29.24 , 58.69 , 29.41 , 59.39 , 29.40 , 59.04 , 29.55 , 59.19 , 18.94 , 61.51 , 32.27 , 63.70 , 17.46 , 61.16 , 17.46 , 61.19 , 32.32 , 45.98 , 32.71 , 43.15 , 31.29 , 46.06 , 35.88 , 49.37 , 36.15 , 46.37 
26-Nov-2025,2025,November,Week-4, 20.93 , 56.47 , 19.47 , 61.34 , 29.45 , 61.17 , 29.65 , 60.41 , 29.72 , 59.09 , 29.73 , 61.07 , 18.75 , 62.17 , 32.29 , 67.11 , 17.52 , 60.54 , 17.53 , 60.58 , 32.52 , 48.13 , 32.89 , 45.57 , 31.48 , 48.59 , 35.71 , 52.71 , 35.96 , 49.66 
27-Nov-2025,2025,November,Week-4, 19.34 , 50.71 , 19.67 , 62.00 , 29.46 , 58.49 , 29.62 , 58.75 , 29.65 , 58.29 , 29.71 , 59.19 , 18.96 , 61.26 , 32.34 , 67.57 , 17.44 , 60.78 , 17.44 , 60.83 , 32.41 , 46.57 , 32.83 , 43.45 , 31.40 , 46.30 , 35.64 , 53.52 , 35.93 , 50.33 
28-Nov-2025,2025,November,Week-4, 19.35 , 56.37 , 20.84 , 60.11 , 29.39 , 58.07 , 29.49 , 59.06 , 29.49 , 59.37 , 29.65 , 58.64 , 18.65 , 61.91 , 32.55 , 66.76 , 17.50 , 59.87 , 17.50 , 59.85 , 32.32 , 46.70 , 32.75 , 43.37 , 31.31 , 46.21 , 35.77 , 53.15 , 36.02 , 50.02 
29-Nov-2025,2025,November,Week-5, 19.17 , 57.16 , 20.04 , 58.35 , 29.42 , 58.43 , 29.53 , 59.62 , 29.54 , 59.83 , 29.68 , 59.31 , 18.97 , 61.59 , 32.62 , 66.62 , 17.45 , 61.24 , 17.45 , 61.28 , 32.36 , 47.33 , 32.78 , 43.86 , 31.34 , 46.52 , 35.90 , 52.93 , 36.15 , 49.65 
30-Nov-2025,2025,November,Week-5, 17.87 , 61.55 , 18.50 , 62.33 , 29.46 , 58.57 , 29.55 , 59.69 , 29.56 , 59.73 , 29.70 , 59.68 , 18.65 , 61.86 , 32.74 , 66.86 , 17.49 , 59.87 , 17.49 , 59.85 , 32.36 , 47.97 , 32.81 , 44.14 , 31.41 , 46.39 , 35.96 , 53.37 , 36.26 , 50.23 
